controller,anti_windup_enabled,time_s,supply_temperature_c,return_temperature_c,setpoint_c,control_error_c,proportional_term,integral_error_c_s,integral_term,unrestricted_command,heat_load_kw,mass_flow_kg_s,flow_heat_transfer_kw,requested_cooling_fraction,applied_cooling_fraction,cooling_kw,energy_residual_kj
PI_NO_ANTI_WINDUP,False,0.0,7.0,8.435406698564593,7.0,0.0,0.0,300.0,0.3,0.3,30.0,5.0,29.999999999999996,0.3,0.3,30.0,0.0
PI_NO_ANTI_WINDUP,False,10.0,7.0,8.435406698564593,7.0,0.0,0.0,300.0,0.3,0.3,30.0,5.0,29.999999999999996,0.3,0.3,30.0,0.0
PI_NO_ANTI_WINDUP,False,20.0,7.0,8.435406698564593,7.0,0.0,0.0,300.0,0.3,0.3,30.0,5.0,29.999999999999996,0.3,0.3,30.0,0.0
PI_NO_ANTI_WINDUP,False,30.0,7.0,8.435406698564593,7.0,0.0,0.0,300.0,0.3,0.3,30.0,5.0,29.999999999999996,0.3,0.3,30.0,0.0
PI_NO_ANTI_WINDUP,False,40.0,7.0,8.435406698564593,7.0,0.0,0.0,300.0,0.3,0.3,30.0,5.0,29.999999999999996,0.3,0.3,30.0,0.0
PI_NO_ANTI_WINDUP,False,50.0,7.0,8.435406698564593,7.0,0.0,0.0,300.0,0.3,0.3,30.0,5.0,29.999999999999996,0.3,0.3,30.0,0.0
PI_NO_ANTI_WINDUP,False,60.0,7.0,8.435406698564593,7.0,0.0,0.0,300.0,0.3,0.3,30.0,5.0,29.999999999999996,0.3,0.3,30.0,0.0
PI_NO_ANTI_WINDUP,False,70.0,7.0,8.435406698564593,7.0,0.0,0.0,300.0,0.3,0.3,30.0,5.0,29.999999999999996,0.3,0.3,30.0,0.0
PI_NO_ANTI_WINDUP,False,80.0,7.0,8.435406698564593,7.0,0.0,0.0,300.0,0.3,0.3,30.0,5.0,29.999999999999996,0.3,0.3,30.0,0.0
PI_NO_ANTI_WINDUP,False,90.0,7.0,8.435406698564593,7.0,0.0,0.0,300.0,0.3,0.3,30.0,5.0,29.999999999999996,0.3,0.3,30.0,0.0
PI_NO_ANTI_WINDUP,False,100.0,7.0,8.435406698564593,7.0,0.0,0.0,300.0,0.3,0.3,30.0,5.0,29.999999999999996,0.3,0.3,30.0,0.0
PI_NO_ANTI_WINDUP,False,110.0,7.0,8.435406698564593,7.0,0.0,0.0,300.0,0.3,0.3,30.0,5.0,29.999999999999996,0.3,0.3,30.0,0.0
PI_NO_ANTI_WINDUP,False,120.0,7.0,8.435406698564593,7.0,0.0,0.0,300.0,0.3,0.3,30.0,5.0,29.999999999999996,0.3,0.3,30.0,0.0
PI_NO_ANTI_WINDUP,False,130.0,7.0,8.435406698564593,7.0,0.0,0.0,300.0,0.3,0.3,30.0,5.0,29.999999999999996,0.3,0.3,30.0,0.0
PI_NO_ANTI_WINDUP,False,140.0,7.0,8.435406698564593,7.0,0.0,0.0,300.0,0.3,0.3,30.0,5.0,29.999999999999996,0.3,0.3,30.0,0.0
PI_NO_ANTI_WINDUP,False,150.0,7.0,8.435406698564593,7.0,0.0,0.0,300.0,0.3,0.3,30.0,5.0,29.999999999999996,0.3,0.3,30.0,0.0
PI_NO_ANTI_WINDUP,False,160.0,7.0,8.435406698564593,7.0,0.0,0.0,300.0,0.3,0.3,30.0,5.0,29.999999999999996,0.3,0.3,30.0,0.0
PI_NO_ANTI_WINDUP,False,170.0,7.0,8.435406698564593,7.0,0.0,0.0,300.0,0.3,0.3,30.0,5.0,29.999999999999996,0.3,0.3,30.0,0.0
PI_NO_ANTI_WINDUP,False,180.0,7.0,8.435406698564593,7.0,0.0,0.0,300.0,0.3,0.3,30.0,5.0,29.999999999999996,0.3,0.3,30.0,0.0
PI_NO_ANTI_WINDUP,False,190.0,7.0,8.435406698564593,7.0,0.0,0.0,300.0,0.3,0.3,30.0,5.0,29.999999999999996,0.3,0.3,30.0,0.0
PI_NO_ANTI_WINDUP,False,200.0,7.0,8.435406698564593,7.0,0.0,0.0,300.0,0.3,0.3,30.0,5.0,29.999999999999996,0.3,0.3,30.0,0.0
PI_NO_ANTI_WINDUP,False,210.0,7.0,8.435406698564593,7.0,0.0,0.0,300.0,0.3,0.3,30.0,5.0,29.999999999999996,0.3,0.3,30.0,0.0
PI_NO_ANTI_WINDUP,False,220.0,7.0,8.435406698564593,7.0,0.0,0.0,300.0,0.3,0.3,30.0,5.0,29.999999999999996,0.3,0.3,30.0,0.0
PI_NO_ANTI_WINDUP,False,230.0,7.0,8.435406698564593,7.0,0.0,0.0,300.0,0.3,0.3,30.0,5.0,29.999999999999996,0.3,0.3,30.0,0.0
PI_NO_ANTI_WINDUP,False,240.0,7.0,8.435406698564593,7.0,0.0,0.0,300.0,0.3,0.3,30.0,5.0,29.999999999999996,0.3,0.3,30.0,0.0
PI_NO_ANTI_WINDUP,False,250.0,7.0,8.435406698564593,7.0,0.0,0.0,300.0,0.3,0.3,30.0,5.0,29.999999999999996,0.3,0.3,30.0,0.0
PI_NO_ANTI_WINDUP,False,260.0,7.0,8.435406698564593,7.0,0.0,0.0,300.0,0.3,0.3,30.0,5.0,29.999999999999996,0.3,0.3,30.0,0.0
PI_NO_ANTI_WINDUP,False,270.0,7.0,8.435406698564593,7.0,0.0,0.0,300.0,0.3,0.3,30.0,5.0,29.999999999999996,0.3,0.3,30.0,0.0
PI_NO_ANTI_WINDUP,False,280.0,7.0,8.435406698564593,7.0,0.0,0.0,300.0,0.3,0.3,30.0,5.0,29.999999999999996,0.3,0.3,30.0,0.0
PI_NO_ANTI_WINDUP,False,290.0,7.0,8.435406698564593,7.0,0.0,0.0,300.0,0.3,0.3,30.0,5.0,29.999999999999996,0.3,0.3,30.0,0.0
PI_NO_ANTI_WINDUP,False,300.0,7.0,8.435406698564593,7.0,0.0,0.0,300.0,0.3,0.3,30.0,5.0,29.999999999999996,0.3,0.3,30.0,0.0
PI_NO_ANTI_WINDUP,False,310.0,7.0,8.435406698564593,7.0,0.0,0.0,300.0,0.3,0.3,30.0,5.0,29.999999999999996,0.3,0.3,30.0,0.0
PI_NO_ANTI_WINDUP,False,320.0,7.0,8.435406698564593,7.0,0.0,0.0,300.0,0.3,0.3,30.0,5.0,29.999999999999996,0.3,0.3,30.0,0.0
PI_NO_ANTI_WINDUP,False,330.0,7.0,8.435406698564593,7.0,0.0,0.0,300.0,0.3,0.3,30.0,5.0,29.999999999999996,0.3,0.3,30.0,0.0
PI_NO_ANTI_WINDUP,False,340.0,7.0,8.435406698564593,7.0,0.0,0.0,300.0,0.3,0.3,30.0,5.0,29.999999999999996,0.3,0.3,30.0,0.0
PI_NO_ANTI_WINDUP,False,350.0,7.0,8.435406698564593,7.0,0.0,0.0,300.0,0.3,0.3,30.0,5.0,29.999999999999996,0.3,0.3,30.0,0.0
PI_NO_ANTI_WINDUP,False,360.0,7.0,8.435406698564593,7.0,0.0,0.0,300.0,0.3,0.3,30.0,5.0,29.999999999999996,0.3,0.3,30.0,0.0
PI_NO_ANTI_WINDUP,False,370.0,7.0,8.435406698564593,7.0,0.0,0.0,300.0,0.3,0.3,30.0,5.0,29.999999999999996,0.3,0.3,30.0,0.0
PI_NO_ANTI_WINDUP,False,380.0,7.0,8.435406698564593,7.0,0.0,0.0,300.0,0.3,0.3,30.0,5.0,29.999999999999996,0.3,0.3,30.0,0.0
PI_NO_ANTI_WINDUP,False,390.0,7.0,8.435406698564593,7.0,0.0,0.0,300.0,0.3,0.3,30.0,5.0,29.999999999999996,0.3,0.3,30.0,0.0
PI_NO_ANTI_WINDUP,False,400.0,7.0,8.435406698564593,7.0,0.0,0.0,300.0,0.3,0.3,30.0,5.0,29.999999999999996,0.3,0.3,30.0,0.0
PI_NO_ANTI_WINDUP,False,410.0,7.0,8.435406698564593,7.0,0.0,0.0,300.0,0.3,0.3,30.0,5.0,29.999999999999996,0.3,0.3,30.0,0.0
PI_NO_ANTI_WINDUP,False,420.0,7.0,8.435406698564593,7.0,0.0,0.0,300.0,0.3,0.3,30.0,5.0,29.999999999999996,0.3,0.3,30.0,0.0
PI_NO_ANTI_WINDUP,False,430.0,7.0,8.435406698564593,7.0,0.0,0.0,300.0,0.3,0.3,30.0,5.0,29.999999999999996,0.3,0.3,30.0,0.0
PI_NO_ANTI_WINDUP,False,440.0,7.0,8.435406698564593,7.0,0.0,0.0,300.0,0.3,0.3,30.0,5.0,29.999999999999996,0.3,0.3,30.0,0.0
PI_NO_ANTI_WINDUP,False,450.0,7.0,8.435406698564593,7.0,0.0,0.0,300.0,0.3,0.3,30.0,5.0,29.999999999999996,0.3,0.3,30.0,0.0
PI_NO_ANTI_WINDUP,False,460.0,7.0,8.435406698564593,7.0,0.0,0.0,300.0,0.3,0.3,30.0,5.0,29.999999999999996,0.3,0.3,30.0,0.0
PI_NO_ANTI_WINDUP,False,470.0,7.0,8.435406698564593,7.0,0.0,0.0,300.0,0.3,0.3,30.0,5.0,29.999999999999996,0.3,0.3,30.0,0.0
PI_NO_ANTI_WINDUP,False,480.0,7.0,8.435406698564593,7.0,0.0,0.0,300.0,0.3,0.3,30.0,5.0,29.999999999999996,0.3,0.3,30.0,0.0
PI_NO_ANTI_WINDUP,False,490.0,7.0,8.435406698564593,7.0,0.0,0.0,300.0,0.3,0.3,30.0,5.0,29.999999999999996,0.3,0.3,30.0,0.0
PI_NO_ANTI_WINDUP,False,500.0,7.0,8.435406698564593,7.0,0.0,0.0,300.0,0.3,0.3,30.0,5.0,29.999999999999996,0.3,0.3,30.0,0.0
PI_NO_ANTI_WINDUP,False,510.0,7.0,8.435406698564593,7.0,0.0,0.0,300.0,0.3,0.3,30.0,5.0,29.999999999999996,0.3,0.3,30.0,0.0
PI_NO_ANTI_WINDUP,False,520.0,7.0,8.435406698564593,7.0,0.0,0.0,300.0,0.3,0.3,30.0,5.0,29.999999999999996,0.3,0.3,30.0,0.0
PI_NO_ANTI_WINDUP,False,530.0,7.0,8.435406698564593,7.0,0.0,0.0,300.0,0.3,0.3,30.0,5.0,29.999999999999996,0.3,0.3,30.0,0.0
PI_NO_ANTI_WINDUP,False,540.0,7.0,8.435406698564593,7.0,0.0,0.0,300.0,0.3,0.3,30.0,5.0,29.999999999999996,0.3,0.3,30.0,0.0
PI_NO_ANTI_WINDUP,False,550.0,7.0,8.435406698564593,7.0,0.0,0.0,300.0,0.3,0.3,30.0,5.0,29.999999999999996,0.3,0.3,30.0,0.0
PI_NO_ANTI_WINDUP,False,560.0,7.0,8.435406698564593,7.0,0.0,0.0,300.0,0.3,0.3,30.0,5.0,29.999999999999996,0.3,0.3,30.0,0.0
PI_NO_ANTI_WINDUP,False,570.0,7.0,8.435406698564593,7.0,0.0,0.0,300.0,0.3,0.3,30.0,5.0,29.999999999999996,0.3,0.3,30.0,0.0
PI_NO_ANTI_WINDUP,False,580.0,7.0,8.435406698564593,7.0,0.0,0.0,300.0,0.3,0.3,30.0,5.0,29.999999999999996,0.3,0.3,30.0,0.0
PI_NO_ANTI_WINDUP,False,590.0,7.0,8.435406698564593,7.0,0.0,0.0,300.0,0.3,0.3,30.0,5.0,29.999999999999996,0.3,0.3,30.0,0.0
PI_NO_ANTI_WINDUP,False,600.0,7.0,8.435406698564593,7.0,0.0,0.0,300.0,0.3,0.3,120.0,5.0,29.999999999999996,0.3,0.3,30.0,0.0
PI_NO_ANTI_WINDUP,False,610.0,7.0,8.866028708133971,7.0,0.0,0.0,300.0,0.3,0.3,120.0,5.0,38.99999999999999,0.3,0.3,30.0,-4.547473508864641e-13
PI_NO_ANTI_WINDUP,False,620.0,7.043062200956938,9.253588516746412,7.0,0.043062200956938135,0.01291866028708144,300.0,0.3,0.31291866028708143,120.0,5.0,46.19999999999999,0.31291866028708143,0.31291866028708143,31.291866028708142,1.2505552149377763e-12
PI_NO_ANTI_WINDUP,False,630.0,7.114392985508574,9.606698564593302,7.0,0.11439298550857391,0.03431789565257217,300.4306220095694,0.3004306220095694,0.33474851766214153,120.0,5.0,52.089186602870804,0.33474851766214153,0.33474851766214153,33.47485176621415,2.2737367544323206e-13
PI_NO_ANTI_WINDUP,False,640.0,7.203456788554778,9.931630686110665,7.0,0.203456788554778,0.061037036566433396,301.5745518646551,0.30157455186465515,0.36261158843108854,120.0,5.0,57.01883445891804,0.36261158843108854,0.36261158843108854,36.26115884310885,-1.7053025658242404e-12
PI_NO_ANTI_WINDUP,False,650.0,7.302775810639989,10.232975975780914,7.0,0.3027758106399894,0.09083274319199681,303.6091197502029,0.30360911975020294,0.39444186294219974,120.0,5.0,61.24118345144531,0.39444186294219974,0.39444186294219974,39.444186294219975,-7.958078640513122e-13
PI_NO_ANTI_WINDUP,False,660.0,7.407067663066905,10.514118638692658,7.0,0.407067663066905,0.1221202989200715,306.63687785660284,0.3066368778566028,0.4287571767766743,120.0,5.0,64.93736539057822,0.4287571767766743,0.4287571767766743,42.87571767766743,-1.2505552149377763e-12
PI_NO_ANTI_WINDUP,False,670.0,7.512625786095186,10.77757622055592,7.0,0.5126257860951862,0.15378773582855584,310.70755448727186,0.3107075544872719,0.4644952903158277,120.0,5.0,68.23746408022933,0.4644952903158277,0.4644952903158277,46.44952903158277,2.2737367544323206e-13
PI_NO_ANTI_WINDUP,False,680.0,7.616874279150911,11.025243856535685,7.0,0.6168742791509114,0.18506228374527342,315.8338123482237,0.3158338123482237,0.5008960960934972,120.0,5.0,71.23492416734176,0.5008960960934972,0.5008960960934972,50.089609609349715,1.7053025658242404e-12
PI_NO_ANTI_WINDUP,False,690.0,7.718048033016902,11.258569578223044,7.0,0.7180480330169017,0.2154144099050705,322.0025551397328,0.3220025551397328,0.5374169650448033,120.0,5.0,73.99690029480837,0.5374169650448033,0.5374169650448033,53.74169650448033,-2.1600499167107046e-12
PI_NO_ANTI_WINDUP,False,700.0,7.814962883688327,11.478680103128267,7.0,0.8149628836883274,0.2444888651064982,329.1830354699018,0.32918303546990185,0.5736719005764,120.0,5.0,76.57168988629475,0.5736719005764,0.5736719005764,57.36719005764,-2.2737367544323206e-13
PI_NO_ANTI_WINDUP,False,710.0,7.906850442677106,11.686471060610112,7.0,0.906850442677106,0.2720551328031318,337.3326643067851,0.3373326643067851,0.6093877971099169,120.0,5.0,78.9940709147998,0.6093877971099169,0.6093877971099169,60.93877971099169,1.7053025658242404e-12
PI_NO_ANTI_WINDUP,False,720.0,7.993239395805374,11.882671678242648,7.0,0.9932393958053742,0.29797181874161227,346.4011687335562,0.3464011687335562,0.6443729874751685,120.0,5.0,81.28913470293902,0.6443729874751685,0.6443729874751685,64.43729874751685,-1.5916157281026244e-12
PI_NO_ANTI_WINDUP,False,730.0,8.073870189850457,12.067891129424758,7.0,1.0738701898504566,0.32216105695513697,356.3335626916099,0.35633356269160993,0.678494619646747,120.0,5.0,83.4750376371029,0.678494619646747,0.678494619646747,67.8494619646747,1.0231815394945443e-12
PI_NO_ANTI_WINDUP,False,740.0,8.148633709814227,12.242651714893166,7.0,1.1486337098142272,0.34459011294426817,367.0722645901145,0.3670722645901145,0.7116623775343827,120.0,5.0,85.5649763061498,0.7116623775343827,0.7116623775343827,71.16623775343827,-1.5916157281026244e-12
PI_NO_ANTI_WINDUP,False,750.0,8.217527195712368,12.40741259381111,7.0,1.2175271957123677,0.3652581587137103,378.5586016882568,0.3785586016882568,0.7438167604019671,120.0,5.0,87.5686048202637,0.7438167604019671,0.7438167604019671,74.38167604019671,-7.389644451905042e-13
PI_NO_ANTI_WINDUP,False,760.0,8.280622548727042,12.562586733427073,7.0,1.2806225487270417,0.3841867646181125,390.73387364538047,0.3907338736453805,0.774920638263493,120.0,5.0,89.49305146023066,0.774920638263493,0.774920638263493,77.4920638263493,2.8421709430404007e-13
PI_NO_ANTI_WINDUP,False,770.0,8.338043542190588,12.708552994382908,7.0,1.3380435421905883,0.40141306265717647,403.5400991326509,0.4035400991326509,0.8049531617898273,120.0,5.0,91.34364755081947,0.8049531617898273,0.8049531617898273,80.49531617898273,-1.0231815394945443e-12
PI_NO_ANTI_WINDUP,False,780.0,8.389949433921865,12.845664728589513,7.0,1.3899494339218652,0.4169848301765596,416.92053455455675,0.41692053455455674,0.8339053647311163,120.0,5.0,93.12444965855384,0.8339053647311163,0.8339053647311163,83.39053647311164,1.9895196601282805e-12
PI_NO_ANTI_WINDUP,False,790.0,8.436523181220632,12.974255878548586,7.0,1.4365231812206325,0.43095695436618975,430.82002889377543,0.43082002889377546,0.8617769832599652,120.0,5.0,94.83861337415422,0.8617769832599652,0.8617769832599652,86.17769832599652,2.1600499167107046e-12
PI_NO_ANTI_WINDUP,False,800.0,8.477962966140048,13.094645288241628,7.0,1.4779629661400477,0.4433888898420143,445.18526070598176,0.44518526070598174,0.888574150547996,120.0,5.0,96.48866053192302,0.888574150547996,0.888574150547996,88.8574150547996,-5.684341886080802e-14
PI_NO_ANTI_WINDUP,False,810.0,8.514476102394227,13.207139735457307,7.0,1.5144761023942266,0.454342830718268,459.9648903673822,0.45996489036738225,0.9143077210856503,120.0,5.0,98.07666993101837,0.9143077210856503,0.9143077210856503,91.43077210856502,-5.684341886080802e-14
PI_NO_ANTI_WINDUP,False,820.0,8.546274656568645,13.312036051576836,7.0,1.5462746565686452,0.4638823969705935,475.1096513913245,0.47510965139132455,0.9389920483619181,120.0,5.0,99.60441315567118,0.9389920483619181,0.9389920483619181,93.89920483619181,3.410605131648481e-13
PI_NO_ANTI_WINDUP,False,830.0,8.573572304030268,13.409622591501854,7.0,1.573572304030268,0.4720716912090804,490.572397957011,0.490572397957011,0.9626440891660915,120.0,5.0,101.07345100815614,0.9626440891660915,0.9626440891660915,96.26440891660914,-1.9895196601282805e-12
PI_NO_ANTI_WINDUP,False,840.0,8.59658207480322,13.500180242180534,7.0,1.5965820748032193,0.4789746224409658,506.30812099731367,0.5063081209973137,0.9852827434382795,120.0,5.0,102.48520169818586,0.9852827434382795,0.9852827434382795,98.52827434382795,-4.831690603168681e-13
PI_NO_ANTI_WINDUP,False,850.0,8.615514741570482,13.58398310486864,7.0,1.6155147415704825,0.4846544224711447,522.2739417453458,0.5222739417453458,1.0069283642164906,120.0,5.0,103.84098879293148,1.0,1.0,100.0,1.3642420526593924e-12
PI_NO_ANTI_WINDUP,False,860.0,8.633892678378768,13.661298947964662,7.0,1.6338926783787677,0.4901678035136303,538.4290891610507,0.5384290891610507,1.0285968926746811,120.0,5.0,105.07279103434517,1.0,1.0,100.0,1.9610979506978765e-12
PI_NO_ANTI_WINDUP,False,870.0,8.658164405815826,13.73272100043191,7.0,1.6581644058158265,0.49744932174474793,554.7680159448383,0.5547680159448384,1.0522173376895863,120.0,5.0,106.05823282747615,1.0,1.0,100.0,1.9610979506978765e-12
PI_NO_ANTI_WINDUP,False,880.0,8.687151165755903,13.799428020396139,7.0,1.6871511657559033,0.5061453497267709,571.3496600029966,0.5713496600029967,1.0774950097297675,120.0,5.0,106.84658626198092,1.0,1.0,100.0,-1.7621459846850485e-12
PI_NO_ANTI_WINDUP,False,890.0,8.719909951698396,13.862363014357953,7.0,1.719909951698396,0.5159729855095188,588.2211716605557,0.5882211716605557,1.1041941571700744,120.0,5.0,107.47726900958475,1.0,1.0,100.0,1.9610979506978765e-12
PI_NO_ANTI_WINDUP,False,900.0,8.755686358442821,13.922280387517835,7.0,1.755686358442821,0.5267059075328463,605.4202711775397,0.6054202711775397,1.132126178710386,120.0,5.0,107.9818152076678,1.0,1.0,100.0,1.9610979506978765e-12
PI_NO_ANTI_WINDUP,False,910.0,8.79387686182879,13.979783664036171,7.0,1.7938768618287906,0.5381630585486371,622.9771347619679,0.6229771347619679,1.161140193310605,120.0,5.0,108.38545216613424,1.0,1.0,100.0,-1.7621459846850485e-12
PI_NO_ANTI_WINDUP,False,920.0,8.833998642527998,14.03535566324127,7.0,1.8339986425279982,0.5501995927583995,640.9159033802558,0.6409159033802558,1.1911154961386554,120.0,5.0,108.70836173290739,1.0,1.0,100.0,1.9610979506978765e-12
PI_NO_ANTI_WINDUP,False,930.0,8.875665445077795,14.089382640595781,7.0,1.8756654450777948,0.5626996335233384,659.2558898055358,0.6592558898055358,1.2219555233288744,120.0,5.0,108.96668938632591,1.0,1.0,100.0,1.9610979506978765e-12
PI_NO_ANTI_WINDUP,False,940.0,8.918568265108062,14.14217360046982,7.0,1.9185682651080622,0.5755704795324187,678.0125442563138,0.6780125442563139,1.2535830237887327,120.0,5.0,109.17335150906072,1.0,1.0,100.0,-1.7621459846850485e-12
PI_NO_ANTI_WINDUP,False,950.0,8.962459899122706,14.193975746359481,7.0,1.962459899122706,0.5887379697368118,697.1982269073944,0.6971982269073944,1.2859361966442062,120.0,5.0,109.33868120724858,1.0,1.0,100.0,-1.7621459846850485e-12
PI_NO_ANTI_WINDUP,False,960.0,9.007142584324852,14.24498684106164,7.0,2.0071425843248516,0.6021427752974554,716.8228258986214,0.7168228258986215,1.3189656011960769,120.0,5.0,109.47094496579888,1.0,1.0,100.0,-1.7621459846850485e-12
PI_NO_ANTI_WINDUP,False,970.0,9.052458110477,14.2953650948138,7.0,2.0524581104769997,0.6157374331430999,736.89425174187,0.73689425174187,1.3526316848849698,120.0,5.0,109.57675597263912,1.0,1.0,100.0,1.9610979506978765e-12
PI_NO_ANTI_WINDUP,False,980.0,9.098279909389149,14.345237075805958,7.0,2.0982799093891487,0.6294839728167446,757.41883284664,0.75741883284664,1.3869028056633845,120.0,5.0,109.6614047781113,1.0,1.0,100.0,1.9610979506978765e-12
PI_NO_ANTI_WINDUP,False,990.0,9.144506726509299,14.394704038590115,7.0,2.1445067265092987,0.6433520179527896,778.4016319405315,0.7784016319405315,1.4217536498933212,120.0,5.0,109.72912382248906,1.0,1.0,100.0,1.9610979506978765e-12
PI_NO_ANTI_WINDUP,False,1000.0,9.19105755819585,14.443846986807872,7.0,2.1910575581958494,0.6573172674587547,799.8466992056245,0.7998466992056246,1.4571639666643792,120.0,5.0,109.78329905799126,1.0,1.0,100.0,1.9610979506978765e-12
PI_NO_ANTI_WINDUP,False,1010.0,9.23786760153552,14.492730723372507,7.0,2.2378676015355197,0.6713602804606559,821.757274787583,0.821757274787583,1.4931175552482387,120.0,5.0,109.82663924639301,1.0,1.0,100.0,-1.7621459846850485e-12
PI_NO_ANTI_WINDUP,False,1020.0,9.284885014197688,14.541407090614646,7.0,2.2848850141976875,0.6854655042593062,844.1359508029382,0.8441359508029382,1.5296014550622443,120.0,5.0,109.86131139711442,1.0,1.0,100.0,1.9610979506978765e-12
PI_NO_ANTI_WINDUP,False,1030.0,9.332068322317852,14.589917562398787,7.0,2.332068322317852,0.6996204966953555,866.984800944915,0.866984800944915,1.5666052976402707,120.0,5.0,109.88904911769153,1.0,1.0,100.0,-1.7621459846850485e-12
PI_NO_ANTI_WINDUP,False,1040.0,9.379384346804414,14.638295317816532,7.0,2.3793843468044145,0.7138153040413243,890.3054841680936,0.8903054841680936,1.604120788209418,120.0,5.0,109.91123929415323,1.0,1.0,100.0,1.9610979506978765e-12
PI_NO_ANTI_WINDUP,False,1050.0,9.426806544384094,14.686566900141157,7.0,2.4268065443840943,0.7280419633152283,914.0993276361378,0.9140993276361378,1.6421412909513662,120.0,5.0,109.9289914353226,1.0,1.0,100.0,-1.7621459846850485e-12
PI_NO_ANTI_WINDUP,False,1060.0,9.47431368043827,14.734753543991289,7.0,2.4743136804382697,0.7422941041314809,938.3673930799787,0.9383673930799787,1.6806614972114597,120.0,5.0,109.94319314825809,1.0,1.0,100.0,1.9610979506978765e-12
PI_NO_ANTI_WINDUP,False,1070.0,9.52188876727204,14.782872237061824,7.0,2.5218887672720403,0.7565666301816121,963.1105298843614,0.9631105298843614,1.7196771600659735,120.0,5.0,109.95455451860647,1.0,1.0,100.0,-1.7621459846850485e-12
PI_NO_ANTI_WINDUP,False,1080.0,9.569518214729488,14.830936569508683,7.0,2.569518214729488,0.7708554644188463,988.3294175570818,0.9883294175570818,1.7591848819759281,120.0,5.0,109.96364361488517,1.0,1.0,100.0,1.9610979506978765e-12
PI_NO_ANTI_WINDUP,False,1090.0,9.617191150685876,14.8789574134566,7.0,2.6171911506858763,0.7851573452057629,1014.0245997043767,1.0140245997043766,1.7991819449101394,120.0,5.0,109.97091489190812,1.0,1.0,100.0,-1.7621459846850485e-12
PI_NO_ANTI_WINDUP,False,1100.0,9.664898877441418,14.926943466605366,7.0,2.664898877441418,0.7994696632324254,1040.1965112112355,1.0401965112112355,1.8396661744436609,120.0,5.0,109.97673191352649,1.0,1.0,100.0,1.9610979506978765e-12
PI_NO_ANTI_WINDUP,False,1110.0,9.712634436836282,14.974901687114809,7.0,2.7126344368362822,0.8137903310508846,1066.8454999856497,1.0668454999856496,1.880635831036534,120.0,5.0,109.9813855308212,1.0,1.0,100.0,1.9610979506978765e-12
PI_NO_ANTI_WINDUP,False,1120.0,9.760392262342604,15.022837641512794,7.0,2.760392262342604,0.8281176787027812,1093.9718443540125,1.0939718443540125,1.9220895230567936,120.0,5.0,109.98510842465696,1.0,1.0,100.0,1.9610979506978765e-12
PI_NO_ANTI_WINDUP,False,1130.0,9.808167900738091,15.070755783021612,7.0,2.8081679007380913,0.8424503702214273,1121.5757669774387,1.1215757669774387,1.964026137198866,120.0,5.0,109.98808673972557,1.0,1.0,100.0,-1.7621459846850485e-12
PI_NO_ANTI_WINDUP,False,1140.0,9.855957789444913,15.118659674219098,7.0,2.855957789444913,0.8567873368334739,1149.6574459848196,1.1496574459848197,2.0064447828182934,120.0,5.0,109.99046939178045,1.0,1.0,100.0,1.9610979506978765e-12
PI_NO_ANTI_WINDUP,False,1150.0,9.9037590784008,15.166552165167516,7.0,2.9037590784007996,0.8711277235202398,1178.2170238792687,1.1782170238792686,2.0493447473995086,120.0,5.0,109.99237551342438,1.0,1.0,100.0,-1.7621459846850485e-12
PI_NO_ANTI_WINDUP,False,1160.0,9.95156948755594,15.214435535916682,7.0,2.9515694875559397,0.8854708462667819,1207.2546146632767,1.2072546146632768,2.0927254609300587,120.0,5.0,109.9939004107395,1.0,1.0,100.0,-1.7621459846850485e-12
PI_NO_ANTI_WINDUP,False,1170.0,9.999387192870483,15.262311610506444,7.0,2.9993871928704827,0.8998161578611448,1236.770309538836,1.236770309538836,2.136586467399981,120.0,5.0,109.99512032859158,1.0,1.0,100.0,-1.7621459846850485e-12
PI_NO_ANTI_WINDUP,False,1180.0,10.047210735112548,15.310181848168686,7.0,3.0472107351125484,0.9141632205337644,1266.7641814675408,1.2667641814675408,2.180927402001305,120.0,5.0,109.99609626287327,1.0,1.0,100.0,1.9610979506978765e-12
PI_NO_ANTI_WINDUP,False,1190.0,10.095038946896631,15.35804741628891,7.0,3.095038946896631,0.9285116840689893,1297.2362888186663,1.2972362888186664,2.225747972887656,120.0,5.0,109.99687701029862,1.0,1.0,100.0,1.9610979506978765e-12
PI_NO_ANTI_WINDUP,False,1200.0,10.142870894314328,15.405909248775519,7.0,3.1428708943143278,0.9428612682942983,1328.1866782876325,1.3281866782876326,2.271047946581931,30.0,5.0,109.99750160823888,1.0,1.0,100.0,-1.7621459846850485e-12
PI_NO_ANTI_WINDUP,False,1210.0,10.190705830238915,15.023146083185859,7.0,3.1907058302389153,0.9572117490716745,1359.6153872307757,1.3596153872307757,2.31682713630245,30.0,5.0,100.9980012865911,1.0,1.0,100.0,-1.3642420526593924e-12
PI_NO_ANTI_WINDUP,False,1220.0,10.195480956012078,14.683442727747623,7.0,3.1954809560120783,0.9586442868036235,1391.522445533165,1.391522445533165,2.3501667323367883,30.0,5.0,93.79840102927288,1.0,1.0,100.0,-1.2505552149377763e-12
PI_NO_ANTI_WINDUP,False,1230.0,10.165808233664102,14.378187220430528,7.0,3.1658082336641016,0.9497424700992304,1423.4772550932857,1.4234772550932857,2.373219725192516,30.0,5.0,88.0387208234183,1.0,1.0,100.0,-1.3642420526593924e-12
PI_NO_ANTI_WINDUP,False,1240.0,10.108577232819213,14.100489991610344,7.0,3.108577232819213,0.9325731698457639,1455.1353374299267,1.4551353374299267,2.3877085072756907,30.0,5.0,83.43097665873462,1.0,1.0,100.0,-1.3642420526593924e-12
PI_NO_ANTI_WINDUP,False,1250.0,10.029299609176794,13.84483938558769,7.0,3.0292996091767943,0.9087898827530383,1486.221109758119,1.486221109758119,2.3950109925111573,30.0,5.0,79.74478132698772,1.0,1.0,100.0,-1.3642420526593924e-12
PI_NO_ANTI_WINDUP,False,1260.0,9.932384687296352,13.60682607780306,7.0,2.932384687296352,0.8797154061889056,1516.5141058498868,1.5165141058498868,2.3962295120387926,30.0,5.0,76.79582506159018,1.0,1.0,100.0,-1.3642420526593924e-12
PI_NO_ANTI_WINDUP,False,1270.0,9.821359926825492,13.38292260860885,7.0,2.821359926825492,0.8464079780476476,1545.8379527228503,1.5458379527228503,2.392245930770498,30.0,5.0,74.43666004927216,1.0,1.0,100.0,2.3874235921539366e-12
PI_NO_ANTI_WINDUP,False,1280.0,9.699047295482297,13.170307010286972,7.0,2.6990472954822966,0.8097141886446889,1574.0515519911053,1.5740515519911054,2.3837657406357944,30.0,5.0,72.54932803941772,1.0,1.0,100.0,-1.3642420526593924e-12
PI_NO_ANTI_WINDUP,False,1290.0,9.567704367441234,12.966721708662964,7.0,2.567704367441234,0.7703113102323701,1601.0420249459282,1.6010420249459283,2.3713533351782985,30.0,5.0,71.03946243153416,1.0,1.0,100.0,2.3874235921539366e-12
PI_NO_ANTI_WINDUP,False,1300.0,9.429137202041876,12.77036064439725,7.0,2.4291372020418756,0.7287411606125627,1626.7190686203405,1.6267190686203405,2.355460229232903,30.0,5.0,69.83156994522733,1.0,1.0,100.0,-1.3642420526593924e-12
PI_NO_ANTI_WINDUP,False,1310.0,9.284790646755882,12.579778970018172,7.0,2.284790646755882,0.6854371940267645,1651.0104406407593,1.6510104406407593,2.3364476346675236,30.0,5.0,68.86525595618185,1.0,1.0,100.0,-1.3642420526593924e-12
PI_NO_ANTI_WINDUP,False,1320.0,9.13582057956058,12.393820807548401,7.0,2.13582057956058,0.6407461738681739,1673.8583471083182,1.6738583471083182,2.3146045209764923,30.0,5.0,68.09220476494546,1.0,1.0,100.0,-1.3642420526593924e-12
PI_NO_ANTI_WINDUP,False,1330.0,8.98315170283783,12.211561454606079,7.0,1.98315170283783,0.594945510851349,1695.216552903924,1.695216552903924,2.290162063755273,30.0,5.0,67.47376381195639,1.0,1.0,100.0,-1.3642420526593924e-12
PI_NO_ANTI_WINDUP,False,1340.0,8.827523778493124,12.032261149285713,7.0,1.8275237784931235,0.548257133547937,1715.0480699323023,1.7150480699323023,2.2633052034802392,30.0,5.0,66.97901104956512,1.0,1.0,100.0,-1.3642420526593924e-12
PI_NO_ANTI_WINDUP,False,1350.0,8.669528616050851,11.855328082062913,7.0,1.669528616050851,0.5008585848152552,1733.3233077172335,1.7333233077172336,2.2341818925324888,30.0,5.0,66.58320883965209,1.0,1.0,100.0,-1.3642420526593924e-12
PI_NO_ANTI_WINDUP,False,1360.0,8.509639663130526,11.680288805318167,7.0,1.5096396631305264,0.45289189893915793,1750.018593877742,1.750018593877742,2.2029104928169,30.0,5.0,66.26656707172168,1.0,1.0,100.0,2.3874235921539366e-12
PI_NO_ANTI_WINDUP,False,1370.0,8.348235677827759,11.506764560955862,7.0,1.348235677827759,0.40447070334832774,1765.1149905090472,1.7651149905090473,2.169585693857375,30.0,5.0,66.01325365737735,1.0,1.0,100.0,-1.3642420526593924e-12
PI_NO_ANTI_WINDUP,False,1380.0,8.185619666619038,11.33445234249951,7.0,1.1856196666190382,0.35568589998571143,1778.5973472873247,1.7785973472873249,2.134283247273036,30.0,5.0,65.81060292590186,1.0,1.0,100.0,-1.3642420526593924e-12
PI_NO_ANTI_WINDUP,False,1390.0,8.022034034685554,11.163109744767922,7.0,1.0220340346855536,0.3066102104056661,1790.453543953515,1.790453543953515,2.0970637543591812,30.0,5.0,65.6484823407215,1.0,1.0,100.0,-1.3642420526593924e-12
PI_NO_ANTI_WINDUP,False,1400.0,7.857672706172259,10.992542843616144,7.0,0.8576727061722593,0.2573018118516778,1800.6738843003704,1.8006738843003705,2.0579756961520483,30.0,5.0,65.5187858725772,1.0,1.0,100.0,-1.3642420526593924e-12
PI_NO_ANTI_WINDUP,False,1410.0,7.692690820395117,10.822596499728215,7.0,0.692690820395117,0.2078072461185351,1809.250611362093,1.809250611362093,2.017057857480628,30.0,5.0,65.41502869806175,1.0,1.0,100.0,5.684341886080801e-13
PI_NO_ANTI_WINDUP,False,1420.0,7.527212488806896,10.653146601651365,7.0,0.5272124888068959,0.15816374664206875,1816.177519566044,1.8161775195660441,1.9743412662081128,30.0,5.0,65.3320229584494,1.0,1.0,100.0,5.684341886080801e-13
PI_NO_ANTI_WINDUP,False,1430.0,7.3613370005698116,10.484093860223377,7.0,0.36133700056981155,0.10840110017094347,1821.449644454113,1.821449644454113,1.9298507446250566,30.0,5.0,65.26561836675951,1.0,1.0,100.0,-1.3642420526593924e-12
PI_NO_ANTI_WINDUP,False,1440.0,7.195143787013637,10.31535884411448,7.0,0.19514378701363722,0.05854313610409116,1825.063014459811,1.825063014459811,1.8836061505639021,30.0,5.0,65.21249469340759,1.0,1.0,100.0,5.684341886080801e-13
PI_NO_ANTI_WINDUP,False,1450.0,7.02869639320219,10.146878008260854,7.0,0.028696393202189974,0.008608917960656992,1827.0144523299473,1.8270144523299474,1.8356233702906044,30.0,5.0,65.16999575472607,1.0,1.0,100.0,-1.3642420526593924e-12
PI_NO_ANTI_WINDUP,False,1460.0,6.862045655186526,9.978600516611447,7.0,-0.13795434481347435,-0.0413863034440423,1827.3014162619693,1.8273014162619694,1.7859151128179271,30.0,5.0,65.13599660378085,1.0,1.0,100.0,5.684341886080801e-13
PI_NO_ANTI_WINDUP,False,1470.0,6.695232241807487,9.810485700325414,7.0,-0.3047677581925132,-0.09143032745775397,1825.9218728138346,1.8259218728138347,1.7344915453560807,30.0,5.0,65.10879728302467,1.0,1.0,100.0,-1.3642420526593924e-12
PI_NO_ANTI_WINDUP,False,1480.0,6.528288688137748,9.64250102433008,7.0,-0.47171131186225157,-0.14151339355867545,1822.8741952319094,1.8228741952319094,1.681360801673234,30.0,5.0,65.08703782641973,1.0,1.0,100.0,5.684341886080801e-13
PI_NO_ANTI_WINDUP,False,1490.0,6.3612410222354505,9.474620460567307,7.0,-0.6387589777645495,-0.19162769332936483,1818.1570821132868,1.8181570821132869,1.626529388783922,30.0,5.0,65.06963026113579,1.0,1.0,100.0,5.684341886080801e-13
PI_NO_ANTI_WINDUP,False,1500.0,6.194110066547105,9.30682318659058,7.0,-0.8058899334528951,-0.2417669800358685,1811.7694923356414,1.8117694923356416,1.570002512299773,30.0,5.0,65.05570420890864,1.0,1.0,100.0,5.684341886080801e-13
PI_NO_ANTI_WINDUP,False,1510.0,6.026912479029922,9.139092544442693,7.0,-0.9730875209700782,-0.2919262562910235,1803.7105930011126,1.8037105930011126,1.5117843367100892,30.0,5.0,65.04456336712693,1.0,1.0,100.0,2.5011104298755527e-12
PI_NO_ANTI_WINDUP,False,1520.0,5.8596615860496675,8.971415207757875,7.0,-1.1403384139503325,-0.34210152418509976,1793.9797177914118,1.7939797177914119,1.451878193606312,30.0,5.0,65.03565069370154,1.0,1.0,100.0,-1.3642420526593924e-12
PI_NO_ANTI_WINDUP,False,1530.0,5.692368048698957,8.803780515443513,7.0,-1.307631951301043,-0.3922895853903129,1782.5763336519085,1.7825763336519085,1.3902867482615955,30.0,5.0,65.02852055496122,1.0,1.0,100.0,-1.3642420526593924e-12
PI_NO_ANTI_WINDUP,False,1540.0,5.525040395851882,8.636179938625517,7.0,-1.4749596041481183,-0.4424878812444355,1769.500014138898,1.7695000141388981,1.3270121328944626,30.0,5.0,65.02281644396898,1.0,1.0,100.0,5.684341886080801e-13
PI_NO_ANTI_WINDUP,False,1550.0,5.357685450607714,8.468606654204613,7.0,-1.6423145493922862,-0.4926943648176858,1754.7504180974167,1.7547504180974167,1.262056053279731,30.0,5.0,65.0182531551752,1.0,1.0,100.0,5.684341886080801e-13
PI_NO_ANTI_WINDUP,False,1560.0,5.190308671445873,8.301055203701383,7.0,-1.809691328554127,-0.542907398566238,1738.3272726034938,1.738327272603494,1.195419874037256,30.0,5.0,65.01460252414014,1.0,1.0,100.0,5.684341886080801e-13
PI_NO_ANTI_WINDUP,False,1570.0,5.022914425149893,8.133521220332291,7.0,-1.9770855748501068,-0.593125672455032,1720.2303593179527,1.7202303593179527,1.1271046868629206,30.0,5.0,65.01168201931212,1.0,1.0,100.0,5.684341886080801e-13
PI_NO_ANTI_WINDUP,False,1580.0,4.855506205146602,7.966001210670511,7.0,-2.144493794853398,-0.6433481384560193,1700.4595035694515,1.7004595035694516,1.0571113651134323,30.0,5.0,65.00934561544969,1.0,1.0,100.0,5.684341886080801e-13
PI_NO_ANTI_WINDUP,False,1590.0,4.688086806177462,7.798492379974579,7.0,-2.311913193822538,-0.6935739581467614,1679.0145656209174,1.6790145656209174,0.9854406074741561,30.0,5.0,65.00747649235976,0.9854406074741561,0.9854406074741561,98.54406074741561,5.684341886080801e-13
PI_NO_ANTI_WINDUP,False,1600.0,4.527624680555185,7.630992492451327,7.0,-2.472375319444815,-0.7417125958334445,1655.895433682692,1.655895433682692,0.9141828378492476,30.0,5.0,64.86038726862937,0.9141828378492476,0.9141828378492476,91.41828378492475,-3.410605131648481e-13
PI_NO_ANTI_WINDUP,False,1610.0,4.400553405357599,7.464196381118172,7.0,-2.5994465946424006,-0.7798339783927202,1631.171680488244,1.631171680488244,0.8513377020955237,30.0,5.0,64.03013819339596,0.8513377020955237,0.8513377020955237,85.13377020955237,1.1368683772161603e-13
PI_NO_ANTI_WINDUP,False,1620.0,4.299579089490822,7.301372753398574,7.0,-2.7004209105091777,-0.8101262731527533,1605.17721454182,1.60517721454182,0.7950509413890666,30.0,5.0,62.73748757567201,0.7950509413890666,0.7950509413890666,79.50509413890666,7.958078640513122e-13
PI_NO_ANTI_WINDUP,False,1630.0,4.219351306891614,7.144734056864259,7.0,-2.780648693108386,-0.8341946079325158,1578.173005436728,1.5781730054367282,0.7439783975042125,30.0,5.0,61.140499474428275,0.7439783975042125,0.7439783975042125,74.39783975042124,1.4210854715202004e-12
PI_NO_ANTI_WINDUP,False,1640.0,4.155919056767246,6.995736451723453,7.0,-2.844080943232754,-0.8532242829698262,1550.3665185056443,1.5503665185056443,0.6971422355358181,30.0,5.0,59.35218355458473,0.6971422355358181,0.6971422355358181,69.71422355358182,-2.8421709430404007e-13
PI_NO_ANTI_WINDUP,False,1650.0,4.106339918016063,6.855295382084292,7.0,-2.8936600819839366,-0.8680980245951809,1521.9257090733167,1.5219257090733167,0.6538276844781358,30.0,5.0,57.45316919902598,0.6538276844781358,0.6538276844781358,65.38276844781358,-2.2737367544323206e-13
PI_NO_ANTI_WINDUP,False,1660.0,4.068399251753922,6.723940505533928,7.0,-2.931600748246078,-0.8794802244738233,1492.9891082534773,1.4929891082534774,0.6135088837796541,30.0,5.0,55.50081220400213,0.6135088837796541,0.6135088837796541,61.350888377965404,5.684341886080802e-14
PI_NO_ANTI_WINDUP,False,1670.0,4.040408456663188,6.601927050012387,7.0,-2.9595915433368116,-0.8878774630010434,1463.6731007710166,1.4636731007710166,0.5757956377699732,30.0,5.0,53.53573860099825,0.5757956377699732,0.5757956377699732,57.579563776997325,-6.252776074688882e-13
PI_NO_ANTI_WINDUP,False,1680.0,4.021060010845011,6.489315860533926,7.0,-2.9789399891549886,-0.8936819967464965,1434.0771853376484,1.4340771853376484,0.5403951885911519,30.0,5.0,51.586547258498314,0.5403951885911519,0.5403951885911519,54.03951885911519,5.115907697472721e-13
PI_NO_ANTI_WINDUP,False,1690.0,4.009323304621964,6.386030945421494,7.0,-2.9906766953780357,-0.8972030086134107,1404.2877854460985,1.4042877854460984,0.5070847768326877,30.0,5.0,49.67318969271017,0.5070847768326877,0.5070847768326877,50.70847768326877,-3.410605131648481e-13
PI_NO_ANTI_WINDUP,False,1700.0,4.00436977356666,6.291900851198,7.0,-2.99563022643334,-0.8986890679300019,1374.3810184923182,1.3743810184923182,0.4756919505623163,30.0,5.0,47.809399522495006,0.4756919505623163,0.4756919505623163,47.56919505623163,1.1368683772161603e-13
PI_NO_ANTI_WINDUP,False,1710.0,4.005519077232992,6.206688413291325,7.0,-2.994480922767008,-0.8983442768301023,1344.4247162279848,1.344424716227985,0.44608043939788267,30.0,5.0,46.004439123619164,0.44608043939788267,0.44608043939788267,44.60804393978827,-2.5579538487363607e-13
PI_NO_ANTI_WINDUP,False,1720.0,4.012200393902039,6.130112149541952,7.0,-2.987799606097961,-0.8963398818293883,1314.4799070003148,1.3144799070003148,0.4181400251709265,30.0,5.0,44.264355692874176,0.4181400251709265,0.4181400251709265,41.81400251709265,-1.7053025658242404e-13
PI_NO_ANTI_WINDUP,False,1730.0,4.0239245717765915,6.06186164383442,7.0,-2.9760754282234085,-0.8928226284670225,1284.6019109393353,1.2846019109393354,0.39177928247231286,30.0,5.0,42.59288480600861,0.39177928247231286,0.39177928247231286,39.177928247231286,-1.5631940186722204e-13
PI_NO_ANTI_WINDUP,False,1740.0,4.0402640768425115,6.001608606485097,7.0,-2.9597359231574885,-0.8879207769472465,1254.8411566571012,1.2548411566571012,0.3669203797098547,30.0,5.0,40.99210066953003,0.3669203797098547,0.3669203797098547,36.69203797098547,5.968558980384842e-13
PI_NO_ANTI_WINDUP,False,1750.0,4.0608385395149735,5.949014823377298,7.0,-2.9391614604850265,-0.881748438145508,1225.2437974255263,1.2252437974255264,0.3434953592800184,30.0,5.0,39.462884332722574,0.3434953592800184,0.3434953592800184,34.34953592800184,4.547473508864641e-13
PI_NO_ANTI_WINDUP,False,1760.0,4.085304321355743,5.903737864847525,7.0,-2.9146956786442573,-0.8744087035932772,1195.852182820676,1.195852182820676,0.3214434792273989,30.0,5.0,38.00526105897824,0.3214434792273989,0.3214434792273989,32.14434792273989,4.973799150320701e-14
PI_NO_ANTI_WINDUP,False,1770.0,4.113346967940616,5.8654351803548055,7.0,-2.8866530320593844,-0.8659959096178153,1166.7052260342334,1.1667052260342334,0.3007093164164182,30.0,5.0,36.618643639456565,0.3007093164164182,0.3007093164164182,30.070931641641817,1.7763568394002505e-14
PI_NO_ANTI_WINDUP,False,1780.0,4.144675733480399,5.833767028969846,7.0,-2.8553242665196006,-0.8565972799558802,1137.8386957136395,1.1378386957136395,0.2812414157577593,30.0,5.0,35.30200807572943,0.2812414157577593,0.2812414157577593,28.12414157577593,1.0036416142611415e-12
PI_NO_ANTI_WINDUP,False,1790.0,4.179019592331851,5.808398569277361,7.0,-2.8209804076681486,-0.8462941223004445,1109.2854530484435,1.1092854530484435,0.26299133074799896,30.0,5.0,34.05402061816115,0.26299133074799896,0.26299133074799896,26.299133074799897,-2.4868995751603507e-13
PI_NO_ANTI_WINDUP,False,1800.0,4.2161243174197045,5.78900134143927,7.0,-2.7838756825802955,-0.8351627047740886,1081.0756489717621,1.0810756489717621,0.2459129441976735,30.0,5.0,32.87312980200891,0.2459129441976735,0.2459129441976735,24.59129441976735,1.4424017535930034e-12
PI_NO_ANTI_WINDUP,False,1810.0,4.255750324033301,5.775254308893772,7.0,-2.7442496759666994,-0.8232749027900098,1053.2368921459592,1.0532368921459592,0.22996198935594936,30.0,5.0,31.757633283583857,0.22996198935594936,0.22996198935594936,22.996198935594936,-2.2737367544323206e-13
PI_NO_ANTI_WINDUP,False,1820.0,4.297671062540425,5.766844580264184,7.0,-2.7023289374595754,-0.8106986812378726,1025.7943953862923,1.0257943953862922,0.21509571414841966,30.0,5.0,30.70572652042657,0.21509571414841966,0.21509571414841966,21.509571414841965,-4.689582056016661e-13
PI_NO_ANTI_WINDUP,False,1830.0,4.3416718046724085,5.763467898348267,7.0,-2.6583281953275915,-0.7974984585982774,998.7711060116966,0.9987711060116966,0.20127264741341921,30.0,5.0,29.715538357825444,0.20127264741341921,0.20127264741341921,20.12726474134192,-2.984279490192421e-13
PI_NO_ANTI_WINDUP,False,1840.0,4.387548711928311,5.764828958837141,7.0,-2.6124512880716892,-0.7837353864215068,972.1878240584207,0.9721878240584207,0.188452437636914,30.0,5.0,28.785157160394547,0.188452437636914,0.188452437636914,18.8452437636914,7.105427357601002e-13
PI_NO_ANTI_WINDUP,False,1850.0,4.43510810617091,5.7706416040027175,7.0,-2.56489189382909,-0.769467568148727,946.0633111777038,0.9460633111777038,0.17659574302897685,30.0,5.0,27.91265010468478,0.17659574302897685,0.17659574302897685,17.659574302897685,1.4352963262354024e-12
PI_NO_ANTI_WINDUP,False,1860.0,4.484165885126829,5.780628924075996,7.0,-2.5158341148731713,-0.7547502344619513,920.4143922394129,0.9204143922394129,0.16566415777746157,30.0,5.0,27.0960775140376,0.16566415777746157,0.16566415777746157,16.56641577774616,-3.410605131648481e-13
PI_NO_ANTI_WINDUP,False,1870.0,4.534547041759802,5.794523290037539,7.0,-2.4654529582401983,-0.7396358874720594,895.2560510906812,0.8952560510906813,0.15562016361862185,30.0,5.0,26.333503589004703,0.15562016361862185,0.15562016361862185,15.562016361862185,-9.947598300641403e-13
PI_NO_ANTI_WINDUP,False,1880.0,4.586085258157613,5.812066335066224,7.0,-2.4139147418423867,-0.724174422552716,870.6015215082792,0.8706015215082793,0.14642709895556327,30.0,5.0,25.623004507389968,0.14642709895556327,0.14642709895556327,14.642709895556328,7.105427357601002e-13
PI_NO_ANTI_WINDUP,False,1890.0,4.638622552951076,5.833008897231823,7.0,-2.361377447048924,-0.7084132341146773,846.4623740898554,0.8464623740898555,0.1380491399751782,30.0,5.0,24.962674595467604,0.1380491399751782,0.1380491399751782,13.80491399751782,5.400124791776761e-13
PI_NO_ANTI_WINDUP,False,1900.0,4.692008967295333,5.857110932660207,7.0,-2.307991032704667,-0.6923973098114,822.8485996193662,0.8228485996193662,0.13045128980796616,30.0,5.0,24.350631076125868,0.13045128980796616,0.13045128980796616,13.045128980796616,0.0
PI_NO_ANTI_WINDUP,False,1910.0,4.746102278756239,5.884141405980179,7.0,-2.253897721243761,-0.6761693163731283,799.7686892923194,0.7997686892923195,0.12359937291919121,30.0,5.0,23.78501775898034,0.12359937291919121,0.12359937291919121,12.35993729191912,2.842170943040401e-14
PI_NO_ANTI_WINDUP,False,1920.0,4.800767735536437,5.913878163114244,7.0,-2.1992322644635633,-0.6597696793390689,777.2297120798818,0.7772297120798818,0.11746003274081285,30.0,5.0,23.264007936376178,0.11746003274081285,0.11746003274081285,11.746003274081286,9.947598300641403e-13
PI_NO_ANTI_WINDUP,False,1930.0,4.855877805690958,5.946107790212923,7.0,-2.144122194309042,-0.6432366582927126,755.2373894352461,0.7552373894352461,0.1120007311425335,30.0,5.0,22.785806676509072,0.1120007311425335,0.1120007311425335,11.20007311425335,1.0800249583553523e-12
PI_NO_ANTI_WINDUP,False,1940.0,4.911311937567779,5.980625461617186,7.0,-2.0886880624322206,-0.6266064187296662,733.7961674921556,0.7337961674921556,0.10718974876248943,30.0,5.0,22.348652652632598,0.10718974876248943,0.10718974876248943,10.718974876248943,-5.684341886080802e-14
PI_NO_ANTI_WINDUP,False,1950.0,4.966956328842342,6.017234779068705,7.0,-2.0330436711576576,-0.6099131013472973,712.9092868678334,0.7129092868678334,0.10299618552053613,30.0,5.0,21.950819609730974,0.10299618552053613,0.10299618552053613,10.299618552053612,2.5579538487363607e-13
PI_NO_ANTI_WINDUP,False,1960.0,5.022703702324052,6.055747603902528,7.0,-1.9772962976759478,-0.5931888893027844,692.5788501562569,0.6925788501562569,0.09938996085347251,30.0,5.0,21.59061754299015,0.09938996085347251,0.09938996085347251,9.938996085347252,3.410605131648481e-13
PI_NO_ANTI_WINDUP,False,1970.0,5.0784530872888505,6.09598388360114,7.0,-1.9215469127111495,-0.5764640738133449,672.8058871794974,0.6728058871794974,0.09634181336615255,30.0,5.0,21.266393642926854,0.09634181336615255,0.09634181336615255,9.634181336615255,2.842170943040401e-14
PI_NO_ANTI_WINDUP,False,1980.0,5.134109605500868,6.137771473826371,7.0,-1.8658903944991323,-0.5597671183497397,653.5904180523859,0.6535904180523859,0.09382329970264625,30.0,5.0,20.976533048003017,0.09382329970264625,0.09382329970264625,9.382329970264625,7.389644451905042e-13
PI_NO_ANTI_WINDUP,False,1990.0,5.189584261375214,6.18094595685028,7.0,-1.810415738624786,-0.5431247215874359,634.9315141073946,0.6349315141073946,0.09180679251995871,30.0,5.0,20.719459435428885,0.09180679251995871,0.09180679251995871,9.18067925199587,3.410605131648481e-13
PI_NO_ANTI_WINDUP,False,2000.0,5.244793735937094,6.225350457159233,7.0,-1.755206264062906,-0.5265618792188718,616.8273567211468,0.6168273567211467,0.09026547750227498,30.0,5.0,20.4936354735427,0.09026547750227498,0.09026547750227498,9.026547750227499,-1.0231815394945443e-12
PI_NO_ANTI_WINDUP,False,2010.0,5.299660184374009,6.270835454893478,7.0,-1.7003398156259912,-0.5101019446877973,599.2752940805177,0.5992752940805177,0.08917334939272037,30.0,5.0,20.297563153856913,0.08917334939272037,0.08917334939272037,8.917334939272036,5.684341886080802e-14
PI_NO_ANTI_WINDUP,False,2020.0,5.354111037075372,6.3172585976979905,7.0,-1.6458889629246283,-0.49376668887738845,582.2718959242578,0.5822718959242579,0.08850520704686943,30.0,5.0,20.12978401701273,0.08850520704686943,0.08850520704686943,8.850520704686943,-7.673861546209082e-13
PI_NO_ANTI_WINDUP,False,2030.0,5.4080788041199925,6.364484511492188,7.0,-1.5919211958800075,-0.47757635876400223,565.8130062950115,0.5658130062950115,0.0882366475310093,30.0,5.0,19.988879284078887,0.0882366475310093,0.0882366475310093,8.82366475310093,1.1368683772161603e-13
PI_NO_ANTI_WINDUP,False,2040.0,5.461500883215581,6.412384610611428,7.0,-1.5384991167844193,-0.46154973503532576,549.8937943362115,0.5498937943362115,0.08834405930088579,30.0,5.0,19.873469902573216,0.08834405930088579,0.08834405930088579,8.834405930088579,5.684341886080801e-13
PI_NO_ANTI_WINDUP,False,2050.0,5.514319371122205,6.460836907728303,7.0,-1.4856806288777946,-0.4457041886633384,534.5088031683673,0.5345088031683674,0.08880461450502897,30.0,5.0,19.782216515067432,0.08880461450502897,0.08880461450502897,8.880461450502896,-1.1937117960769683e-12
PI_NO_ANTI_WINDUP,False,2060.0,5.56648087860816,6.509725823924152,7.0,-1.4335191213918401,-0.430055736417552,519.6519968795893,0.5196519968795893,0.08959626046203728,30.0,5.0,19.713819357104242,0.08959626046203728,0.08959626046203728,8.959626046203727,-3.410605131648481e-13
PI_NO_ANTI_WINDUP,False,2070.0,5.617936348995244,6.558941999249012,7.0,-1.3820636510047564,-0.4146190953014269,505.3168056656709,0.5053168056656709,0.09069771036424407,30.0,5.0,19.667018090303763,0.09069771036424407,0.09069771036424407,9.069771036424406,-5.115907697472721e-13
PI_NO_ANTI_WINDUP,False,2080.0,5.668640880353518,6.6083821040800945,7.0,-1.331359119646482,-0.39940773589394457,491.49616915562336,0.4914961691556234,0.09208843326167881,30.0,5.0,19.64059157588545,0.09208843326167881,0.09208843326167881,9.208843326167882,-7.958078640513122e-13
PI_NO_ANTI_WINDUP,False,2090.0,5.718553551404798,6.657948651563896,7.0,-1.2814464485952017,-0.3844339345785605,478.18257795915855,0.4781825779591586,0.09374864338059807,30.0,5.0,19.633357593325147,0.09374864338059807,0.09374864338059807,9.374864338059808,4.263256414560601e-13
PI_NO_ANTI_WINDUP,False,2100.0,5.767637251190757,6.707549811404446,7.0,-1.2323627488092432,-0.36970882464277294,465.3681134732065,0.4653681134732065,0.09565928883043356,30.0,5.0,19.644172508466106,0.09565928883043356,0.09565928883043356,9.565928883043357,1.9895196601282805e-13
PI_NO_ANTI_WINDUP,False,2110.0,5.8158585125564155,6.7570992252395365,7.0,-1.1841414874435845,-0.3552424462330753,453.0444859851141,0.4530444859851141,0.09780203975203877,30.0,5.0,19.671930895077228,0.09780203975203877,0.09780203975203877,9.780203975203877,-5.684341886080801e-13
PI_NO_ANTI_WINDUP,False,2120.0,5.863187349493608,6.8065158238276835,7.0,-1.1368126505063918,-0.3410437951519175,441.20307111067825,0.44120307111067825,0.10015927595876073,30.0,5.0,19.715565113582173,0.10015927595876073,0.10015927595876073,10.015927595876073,-1.3926637620897964e-12
PI_NO_ANTI_WINDUP,False,2130.0,5.909597098382154,6.855723646250735,7.0,-1.0904029016178463,-0.3271208704853539,429.83494460561434,0.42983494460561433,0.10271407412026046,30.0,5.0,19.774044850453347,0.10271407412026046,0.10271407412026046,10.271407412026045,-1.6200374375330284e-12
PI_NO_ANTI_WINDUP,False,2140.0,5.955064263159318,6.904651661320337,7.0,-1.0449357368406824,-0.3134807210522047,418.93091558943587,0.4189309155894359,0.1054501945372312,30.0,5.0,19.846376621565295,0.1054501945372312,0.1054501945372312,10.54501945372312,2.8421709430404007e-13
PI_NO_ANTI_WINDUP,False,2150.0,5.999568364440859,6.953233591360694,7.0,-1.0004316355591412,-0.30012949066774236,408.48155822102905,0.40848155822102905,0.10835206755328669,30.0,5.0,19.931603242624547,0.10835206755328669,0.10835206755328669,10.835206755328668,-1.1368683772161603e-12
PI_NO_ANTI_WINDUP,False,2160.0,6.043091792609738,7.001407738525169,7.0,-0.9569082073902617,-0.2870724622170785,398.47724186543763,0.39847724186543765,0.11140477964835915,30.0,5.0,20.02880326963251,0.11140477964835915,0.11140477964835915,11.140477964835915,-1.1368683772161603e-12
PI_NO_ANTI_WINDUP,False,2170.0,6.085619664881492,7.049116813790086,7.0,-0.9143803351185076,-0.2743141005355523,388.908159791535,0.38890815979153504,0.11459405925598276,30.0,5.0,20.137090412189597,0.11459405925598276,0.11459405925598276,11.459405925598276,3.979039320256561e-13
PI_NO_ANTI_WINDUP,False,2180.0,6.127139686348436,7.096307768755686,7.0,-0.8728603136515636,-0.26185809409546906,379.76435644034996,0.37976435644034995,0.11790626234488089,30.0,5.0,20.255612922311517,0.11790626234488089,0.11790626234488089,11.790626234488089,6.252776074688882e-13
PI_NO_ANTI_WINDUP,False,2190.0,6.167642014998309,7.142931630371421,7.0,-0.8323579850016909,-0.24970739550050725,371.0357533038343,0.3710357533038343,0.12132835780332707,30.0,5.0,20.383552961298033,0.12132835780332707,0.12132835780332707,12.132835780332707,1.4210854715202004e-13
PI_NO_ANTI_WINDUP,False,2200.0,6.207119130696708,7.188943338690569,7.0,-0.7928808693032918,-0.23786426079098755,362.7121734538174,0.3627121734538174,0.12484791266282985,30.0,5.0,20.52012594707169,0.12484791266282985,0.12484791266282985,12.484791266282985,9.094947017729282e-13
PI_NO_ANTI_WINDUP,False,2210.0,6.24556570811675,7.234301587747642,7.0,-0.7544342918832498,-0.22633028756497495,354.7833647607845,0.3547833647607845,0.12845307719580953,30.0,5.0,20.664579884285637,0.12845307719580953,0.12845307719580953,12.845307719580953,8.526512829121202e-14
PI_NO_ANTI_WINDUP,False,2220.0,6.282978493593806,7.278968669641012,7.0,-0.7170215064061942,-0.21510645192185826,347.23902184195197,0.347239021841952,0.13213256992009373,30.0,5.0,20.816194679386605,0.13213256992009373,0.13213256992009373,13.213256992009374,-1.2505552149377763e-12
PI_NO_ANTI_WINDUP,False,2230.0,6.319356185877908,7.322910321892751,7.0,-0.6806438141220923,-0.20419314423662768,340.06880677789,0.34006880677789003,0.13587566254126235,30.0,5.0,20.97428144271022,0.13587566254126235,0.13587566254126235,13.587566254126235,1.4210854715202004e-12
PI_NO_ANTI_WINDUP,False,2240.0,6.354699320751515,7.366095578147726,7.0,-0.6453006792484848,-0.19359020377454542,333.26236863666907,0.3332623686366691,0.13967216486212367,30.0,5.0,21.138181779580798,0.13967216486212367,0.13967216486212367,13.967216486212367,-5.400124791776761e-13
PI_NO_ANTI_WINDUP,False,2250.0,6.389010159475766,7.408496622264564,7.0,-0.6109898405242342,-0.18329695215727027,326.8093618441842,0.3268093618441842,0.14351240968691392,30.0,5.0,21.307267072285878,0.14351240968691392,0.14351240968691392,14.351240968691393,-1.0800249583553523e-12
PI_NO_ANTI_WINDUP,False,2260.0,6.422292581024065,7.450088645842143,7.0,-0.577707418975935,-0.1733122256927805,320.69946343894185,0.32069946343894185,0.14738723774616133,30.0,5.0,21.480937754697838,0.14738723774616133,0.14738723774616133,14.738723774616133,4.263256414560601e-13
PI_NO_ANTI_WINDUP,False,2270.0,6.454551978057949,7.4908497092167945,7.0,-0.5454480219420512,-0.16363440658261535,314.9223892491825,0.31492238924918253,0.15128798266656718,30.0,5.0,21.658622581219873,0.15128798266656718,0.15128798266656718,15.128798266656718,-6.536993168992922e-13
PI_NO_ANTI_WINDUP,False,2280.0,6.485795156596528,7.5307606059573695,7.0,-0.5142048434034718,-0.15426145302104155,309.467909029762,0.309467909029762,0.15520645600872046,30.0,5.0,21.83977789164158,0.15520645600872046,0.15520645600872046,15.520645600872045,-1.4210854715202004e-13
PI_NO_ANTI_WINDUP,False,2290.0,6.516030239327483,7.5698047308777445,7.0,-0.48396976067251707,-0.1451909282017551,304.32586059572725,0.30432586059572725,0.15913493239397214,30.0,5.0,22.023886873400468,0.15913493239397214,0.15913493239397214,15.913493239397214,-2.8421709430404007e-13
PI_NO_ANTI_WINDUP,False,2300.0,6.545266572504532,7.607967951579178,7.0,-0.4547334274954684,-0.13642002824864052,299.4861629890021,0.2994861629890021,0.16306613474036158,30.0,5.0,22.2104588226601,0.16306613474036158,0.16306613474036158,16.30661347403616,-1.0516032489249483e-12
PI_NO_ANTI_WINDUP,False,2310.0,6.573514636373545,7.645238483528172,7.0,-0.4264853636264547,-0.12794560908793642,294.9388287140474,0.2949388287140474,0.166993219626111,30.0,5.0,22.3990284055317,0.166993219626111,0.166993219626111,16.699321962611098,-1.2221335055073723e-12
PI_NO_ANTI_WINDUP,False,2320.0,6.600785959066945,7.681606768669169,7.0,-0.3992140409330549,-0.11976421227991646,290.67397507778287,0.29067397507778286,0.1709097627978664,30.0,5.0,22.58915492068647,0.1709097627978664,0.1709097627978664,17.09097627978664,-6.252776074688882e-13
PI_NO_ANTI_WINDUP,False,2330.0,6.627093033903787,7.717065357565406,7.0,-0.3729069660962132,-0.11187208982886396,286.6818346684523,0.2866818346684523,0.17480974483958836,30.0,5.0,22.78042156452783,0.17480974483958836,0.17480974483958836,17.480974483958835,6.252776074688882e-13
PI_NO_ANTI_WINDUP,False,2340.0,6.652449240030911,7.751608795055703,7.0,-0.3475507599690886,-0.10426522799072657,282.9527650074902,0.2829527650074902,0.17868753701676365,30.0,5.0,22.972434700018145,0.17868753701676365,0.17868753701676365,17.868753701676365,6.821210263296962e-13
PI_NO_ANTI_WINDUP,False,2350.0,6.6768687663387665,7.785233509409683,7.0,-0.32313123366123353,-0.09693937009837006,279.4772574077993,0.27947725740779933,0.18253788730942927,30.0,5.0,23.164823130182157,0.18253788730942927,0.18253788730942927,18.253788730942926,-9.663381206337363e-13
PI_NO_ANTI_WINDUP,False,2360.0,6.70036653858393,7.817937704959051,7.0,-0.29963346141606984,-0.08989003842482095,276.24594507118695,0.27624594507118694,0.18635590664636598,30.0,5.0,23.357237377240022,0.18635590664636598,0.18635590664636598,18.6355906646366,-2.2737367544323206e-13
PI_NO_ANTI_WINDUP,False,2370.0,6.722958149649019,7.849721258177998,7.0,-0.2770418503509813,-0.08311255510529438,273.2496104570263,0.2732496104570263,0.19013705535173192,30.0,5.0,23.54934896825566,0.19013705535173192,0.19013705535173192,19.01370553517319,2.7000623958883807e-13
PI_NO_ANTI_WINDUP,False,2380.0,6.744659792869509,7.880585617181559,7.0,-0.2553402071304909,-0.07660206213914726,270.4791919535165,0.2704791919535165,0.19387712981436922,30.0,5.0,23.740849728121844,0.19387712981436922,0.19387712981436922,19.387712981436923,0.0
PI_NO_ANTI_WINDUP,False,2390.0,6.7654881983560395,7.910533704606814,7.0,-0.23451180164396046,-0.07035354049318814,267.9257898822116,0.2679257898822116,0.19757224938902346,30.0,5.0,23.93145108064118,0.19757224938902346,0.19757224938902346,19.757224938902347,7.105427357601002e-14
PI_NO_ANTI_WINDUP,False,2400.0,6.785460572239957,7.9395698238381955,7.0,-0.21453942776004276,-0.06436182832801282,265.580671865772,0.265580671865772,0.20121884353775918,30.0,5.0,24.12088335840318,0.20121884353775918,0.20121884353775918,20.12188435377592,-7.389644451905042e-13
PI_NO_ANTI_WINDUP,False,2410.0,6.804594538769274,7.967699568534831,7.0,-0.19540546123072566,-0.058621638369217695,263.4352775881716,0.2634352775881716,0.2048136392189539,30.0,5.0,24.30889512210014,0.2048136392189539,0.2048136392189539,20.48136392189539,6.394884621840902e-13
PI_NO_ANTI_WINDUP,False,2420.0,6.822908085181737,7.994929735414735,7.0,-0.1770919148182628,-0.05312757444547884,261.48122297586434,0.26148122297586435,0.20835364853038552,30.0,5.0,24.49525248986966,0.20835364853038552,0.20835364853038552,20.835364853038552,5.968558980384842e-13
PI_NO_ANTI_WINDUP,False,2430.0,6.840419509281408,8.021268240247895,7.0,-0.15958049071859204,-0.04787414721557761,259.71030382768174,0.25971030382768173,0.21183615661210412,30.0,5.0,24.679738477199585,0.21183615661210412,0.21183615661210412,21.18361566121041,2.1174173525650986e-12
PI_NO_ANTI_WINDUP,False,2440.0,6.857147369644992,8.046724037007706,7.0,-0.14285263035500773,-0.04285578910650232,258.1144989204958,0.2581144989204958,0.2152587098139935,30.0,5.0,24.862152347880723,0.2152587098139935,0.2152587098139935,21.52587098139935,3.552713678800501e-13
PI_NO_ANTI_WINDUP,False,2450.0,6.8731104383841375,8.071307040127895,7.0,-0.1268895616158625,-0.03806686848475875,256.6859726169457,0.2566859726169457,0.21861910413218694,30.0,5.0,25.042308976444527,0.21861910413218694,0.21861910413218694,21.861910413218695,6.536993168992922e-13
PI_NO_ANTI_WINDUP,False,2460.0,6.888327656390003,8.095028049809978,7.0,-0.1116723436099969,-0.03350170308299907,255.4170770007871,0.2554170770007871,0.221915373917788,30.0,5.0,25.220038222477466,0.221915373917788,0.221915373917788,22.1915373917788,-8.810729923425242e-13
PI_NO_ANTI_WINDUP,False,2470.0,6.9028180909866474,8.117898680324439,7.0,-0.09718190901335255,-0.029154572704005764,254.30035356468713,0.2543003535646871,0.22514578086068135,30.0,5.0,25.39518431715984,0.22514578086068135,0.22514578086068135,22.514578086068134,-1.2931877790833823e-12
PI_NO_ANTI_WINDUP,False,2480.0,6.916600895920101,8.13993129124712,7.0,-0.08339910407989937,-0.025019731223969808,253.3285344745536,0.2533285344745536,0.2283088032505838,30.0,5.0,25.567605262334695,0.2283088032505838,0.2283088032505838,22.83088032505838,1.1937117960769683e-12
PI_NO_ANTI_WINDUP,False,2490.0,6.929695273610418,8.161138921570878,7.0,-0.0703047263895824,-0.02109141791687472,252.49454343375461,0.2524945434337546,0.2314031255168799,30.0,5.0,25.737172242373614,0.2314031255168799,0.2314031255168799,23.140312551687988,5.826450433232822e-13
PI_NO_ANTI_WINDUP,False,2500.0,6.942120439594559,8.181535226631292,7.0,-0.057879560405440955,-0.017363868121632285,251.7914961698588,0.2517914961698588,0.2344276280482265,30.0,5.0,25.903769049067712,0.2344276280482265,0.2344276280482265,23.44276280482265,1.0089706847793423e-12
PI_NO_ANTI_WINDUP,False,2510.0,6.953895589088555,8.201134417784077,7.0,-0.046104410911445015,-0.013831323273433505,251.21270056580437,0.25121270056580436,0.23738137729237085,30.0,5.0,26.067291519736415,0.23738137729237085,0.23738137729237085,23.738137729237085,-2.5579538487363607e-13
PI_NO_ANTI_WINDUP,False,2520.0,6.965039865598121,8.219951204770984,7.0,-0.03496013440187884,-0.01048804032056365,250.75165645668991,0.2507516564566899,0.24026361613612623,30.0,5.0,26.227646988712834,0.24026361613612623,0.24026361613612623,24.02636161361262,-3.836930773104541e-13
PI_NO_ANTI_WINDUP,False,2530.0,6.975572331507691,8.238000740710158,7.0,-0.02442766849230882,-0.007328300547692645,250.40205511267112,0.2504020551126711,0.24307375456497846,30.0,5.0,26.384753752331548,0.24307375456497846,0.24307375456497846,24.307375456497844,9.947598300641403e-14
PI_NO_ANTI_WINDUP,False,2540.0,6.985511940578665,8.25529856964637,7.0,-0.014488059421334576,-0.004346417826400373,250.15777842774804,0.25015777842774806,0.24581136060134767,30.0,5.0,26.53854054751504,0.24581136060134767,0.24581136060134767,24.581136060134767,2.842170943040401e-14
PI_NO_ANTI_WINDUP,False,2550.0,6.994877512288619,8.27186057659606,7.0,-0.0051224877113806855,-0.0015367463134142057,250.0128978335347,0.2500128978335347,0.24847615152012048,30.0,5.0,26.68894604402551,0.24847615152012048,0.24847615152012048,24.847615152012047,1.7976731214730535e-12
PI_NO_ANTI_WINDUP,False,2560.0,7.003687707944186,8.287702940021775,7.0,0.003687707944186158,0.0011063123832558473,249.9616729564209,0.2499616729564209,0.2510679853396768,30.0,5.0,26.835918350421615,0.2510679853396768,0.2510679853396768,25.106798533967677,4.263256414560601e-13
PI_NO_ANTI_WINDUP,False,2570.0,7.011961008501382,8.302842086670475,7.0,0.011961008501382153,0.003588302550414646,249.99855003586276,0.24999855003586277,0.25358685258627744,30.0,5.0,26.979414533734044,0.25358685258627744,0.25358685258627744,25.358685258627744,-8.881784197001252e-13
PI_NO_ANTI_WINDUP,False,2580.0,7.019715694028206,8.317294648710025,7.0,0.019715694028206165,0.00591470820846185,250.11816012087658,0.25011816012087656,0.2560328683293384,30.0,5.0,27.11940015285001,0.2560328683293384,0.2560328683293384,25.60328683293384,-1.9682033780554775e-12
PI_NO_ANTI_WINDUP,False,2590.0,7.026969824745509,8.331077423098302,7.0,0.026969824745508575,0.008090947423652572,250.31531706115865,0.25031531706115867,0.25840626448481124,30.0,5.0,27.255848805573375,0.25840626448481124,0.25840626448481124,25.840626448481125,-5.968558980384842e-13
PI_NO_ANTI_WINDUP,False,2600.0,7.03374122358327,8.344207333119481,7.0,0.03374122358327014,0.010122367074981042,250.58501530861375,0.25058501530861377,0.2607073823835948,30.0,5.0,27.388741689306812,0.2607073823835948,0.2607073823835948,26.070738238359482,-1.9895196601282805e-12
PI_NO_ANTI_WINDUP,False,2610.0,7.0400474601906735,8.35670139202232,7.0,0.04004746019067351,0.012014238057202054,250.92242754444646,0.2509224275444465,0.2629366656016485,30.0,5.0,27.518067175281402,0.2629366656016485,0.2629366656016485,26.29366656016485,9.237055564881302e-14
PI_NO_ANTI_WINDUP,False,2620.0,7.045905836339556,8.368576668695614,7.0,0.04590583633955614,0.013771750901866841,251.3229021463532,0.25132290214635317,0.26509465304822,30.0,5.0,27.643820396241598,0.26509465304822,0.26509465304822,26.509465304822,-2.5224267119483557e-12
PI_NO_ANTI_WINDUP,False,2630.0,7.051333372662138,8.379850255316468,7.0,0.05133337266213811,0.015400011798641432,251.78196050974876,0.25178196050974877,0.2671819723083902,30.0,5.0,27.766002847475487,0.2671819723083902,0.2671819723083902,26.71819723083902,1.6129320101754274e-12
PI_NO_ANTI_WINDUP,False,2640.0,7.056346796665183,8.390539236907495,7.0,0.05634679666518316,0.01690403899955495,252.29529423637013,0.25229529423637015,0.2691993332359251,30.0,5.0,27.884622001064315,0.2691993332359251,0.2691993332359251,26.91993332359251,1.1226575225009583e-12
PI_NO_ANTI_WINDUP,False,2650.0,7.060962531964091,8.400660662739723,7.0,0.060962531964091404,0.018288759589227422,252.85876220302197,0.25285876220302195,0.2711475217922494,30.0,5.0,27.999690933210697,0.2711475217922494,0.2711475217922494,27.114752179224936,-2.2382096176443156e-13
PI_NO_ANTI_WINDUP,False,2660.0,7.065196688681727,8.41023151951862,7.0,0.06519668868172701,0.019559006604518103,253.46838752266288,0.2534683875226629,0.27302739412718097,30.0,5.0,28.111227964491054,0.27302739412718097,0.27302739412718097,27.302739412718097,2.085442929455894e-12
PI_NO_ANTI_WINDUP,False,2670.0,7.069065054958153,8.41926870629139,7.0,0.06906505495815285,0.020719516487445855,254.12035440948014,0.25412035440948016,0.274839870896926,30.0,5.0,28.219256312864665,0.274839870896926,0.274839870896926,27.4839870896926,1.872280108727864e-12
PI_NO_ANTI_WINDUP,False,2680.0,7.072583089518785,8.427789011014527,7.0,0.07258308951878512,0.021774926855635535,254.81100495906168,0.25481100495906167,0.2765859318146972,30.0,5.0,28.323803759261,0.2765859318146972,0.2765859318146972,27.65859318146972,2.440714297335944e-12
PI_NO_ANTI_WINDUP,False,2690.0,7.0757659152498436,8.435809088721411,7.0,0.07576591524984355,0.022729774574953066,255.53683585424952,0.2555368358542495,0.2782666104292026,30.0,5.0,28.424902325555767,0.2782666104292026,0.2782666104292026,27.826661042920257,-1.822542117224657e-12
PI_NO_ANTI_WINDUP,False,2700.0,7.078628313731353,8.443345441230713,7.0,0.07862831373135304,0.02358849411940591,256.294495006748,0.256294495006748,0.2798829891261539,30.0,5.0,28.522587964736626,0.2798829891261539,0.2798829891261539,27.988298912615388,-1.971756091734278e-12
PI_NO_ANTI_WINDUP,False,2710.0,7.0811847206793015,8.450414398337237,7.0,0.08118472067930149,0.024355416203790448,257.0807781440615,0.25708077814406155,0.281436194347852,30.0,5.0,28.616900263050855,0.281436194347852,0.281436194347852,28.1436194347852,1.5347723092418164e-12
PI_NO_ANTI_WINDUP,False,2720.0,7.083449222249951,8.457032100427902,7.0,0.08344922224995077,0.02503476667498523,257.89262535085453,0.25789262535085455,0.2829273920258398,30.0,5.0,28.707882153919186,0.2829273920258398,0.2829273920258398,28.292739202583977,-1.0764722446765518e-12
PI_NO_ANTI_WINDUP,False,2730.0,7.085435552160646,8.463214482466567,7.0,0.08543555216064558,0.025630665648193673,258.72711757335406,0.2587271175733541,0.28435778322154776,30.0,5.0,28.795579643393754,0.28435778322154776,0.28435778322154776,28.435778322154775,9.592326932761353e-13
PI_NO_ANTI_WINDUP,False,2740.0,7.087157089582842,8.468977259292434,7.0,0.08715708958284196,0.02614712687485259,259.58147309496053,0.25958147309496055,0.28572859996981315,30.0,5.0,28.88004154693046,0.28572859996981315,0.28572859996981315,28.572859996981315,-6.856737400084967e-13
PI_NO_ANTI_WINDUP,False,2750.0,7.0886268577644165,8.474335912177933,7.0,0.08862685776441648,0.026588057329324944,260.45304399078896,0.26045304399078895,0.2870411013201139,30.0,5.0,28.961319237242495,0.2870411013201139,0.2870411013201139,28.70411013201139,-1.8758328224066645e-12
PI_NO_ANTI_WINDUP,False,2760.0,7.089857523339685,8.479305676593041,7.0,0.08985752333968478,0.026957257001905433,261.3393125684331,0.2613393125684331,0.28829656957033856,30.0,5.0,29.03946640299515,0.28829656957033856,0.28829656957033856,28.829656957033855,5.773159728050814e-13
PI_NO_ANTI_WINDUP,False,2770.0,7.090861396286868,8.483901531124165,7.0,0.09086139628686762,0.027258418886060287,262.23788780182997,0.26223788780183,0.2894963066878903,30.0,5.0,29.114538818099504,0.2894963066878903,0.2894963066878903,28.949630668789027,-1.5543122344752192e-12
PI_NO_ANTI_WINDUP,False,2780.0,7.091650430494095,8.488138187496894,7.0,0.09165043049409505,0.027495129148228513,263.14650176469866,0.26314650176469867,0.29064163091292716,30.0,5.0,29.186594121358493,0.29064163091292716,0.29064163091292716,29.064163091292716,-4.1744385725905886e-13
PI_NO_ANTI_WINDUP,False,2790.0,7.0922362248963235,8.492030081653073,7.0,0.09223622489632355,0.027670867468897065,264.0630060696396,0.2640630060696396,0.2917338735385367,30.0,5.0,29.255691606216068,0.2917338735385367,0.2917338735385367,29.17338735385367,1.5987211554602254e-13
PI_NO_ANTI_WINDUP,False,2800.0,7.092630025146861,8.495591365833858,7.0,0.09263002514686125,0.027789007544058376,264.9853683186028,0.2649853683186028,0.2927743758626612,30.0,5.0,29.321892020358238,0.2927743758626612,0.2927743758626612,29.27743758626612,1.2523315717771766e-12
PI_NO_ANTI_WINDUP,False,2810.0,7.092842725788451,8.498835901621618,7.0,0.09284272578845076,0.027852817736535227,265.9116685700714,0.2659116685700714,0.2937644863066067,30.0,5.0,29.38525737491319,0.2937644863066067,0.2937644863066067,29.37644863066067,6.830092047493963e-13
PI_NO_ANTI_WINDUP,False,2820.0,7.092884872890138,8.50177725389476,7.0,0.09288487289013769,0.027865461867041308,266.8400958279559,0.2668400958279559,0.29470555769499723,30.0,5.0,29.445850762996606,0.29470555769499723,0.29470555769499723,29.470555769499722,-7.016609515630989e-13
PI_NO_ANTI_WINDUP,False,2830.0,7.092766667117395,8.504428685650756,7.0,0.09276666711739523,0.02783000013521857,267.76894455685726,0.2677689445568573,0.29559894469207587,30.0,5.0,29.503736187347247,0.29559894469207587,0.29559894469207587,29.55989446920759,-1.9095836023552692e-12
PI_NO_ANTI_WINDUP,False,2840.0,7.092497967204188,8.50680315365388,7.0,0.09249796720418768,0.027749390161256302,268.6966112280312,0.26869661122803123,0.29644600138928756,30.0,5.0,29.558978396798576,0.29644600138928756,0.29644600138928756,29.644600138928755,1.0746958878371515e-12
PI_NO_ANTI_WINDUP,False,2850.0,7.092088293796866,8.50891330486537,7.0,0.09208829379686634,0.0276264881390599,269.6215909000731,0.2696215909000731,0.297248079039133,30.0,5.0,29.611642731331724,0.297248079039133,0.297248079039133,29.724807903913298,-7.73159314348959e-13
PI_NO_ANTI_WINDUP,False,2860.0,7.091546833640973,8.510771473614978,7.0,0.09154683364097327,0.02746405009229198,270.54247383804176,0.27054247383804175,0.2980065239303337,30.0,5.0,29.661794975456704,0.2980065239303337,0.2980065239303337,29.80065239303337,-1.9273471707492718e-12
PI_NO_ANTI_WINDUP,False,2870.0,7.09088244408319,8.512389679474037,7.0,0.09088244408319035,0.027264733224957104,271.4579421744515,0.2714579421744515,0.2987226753994086,30.0,5.0,29.709501219668688,0.2987226753994086,0.2987226753994086,29.87226753994086,-6.130651541980114e-13
PI_NO_ANTI_WINDUP,False,2880.0,7.090103657861793,8.513779625791411,7.0,0.09010365786179264,0.02703109735853779,272.3667666152834,0.27236676661528336,0.2993978639738212,30.0,5.0,29.754827729729023,0.2993978639738212,0.2993978639738212,29.939786397382118,-2.6645352591003757e-13
PI_NO_ANTI_WINDUP,False,2890.0,7.089218688160103,8.51495269885491,7.0,0.08921868816010292,0.026765606448030877,273.26780319390133,0.2732678031939013,0.3000334096419322,30.0,5.0,29.797840823521447,0.3000334096419322,0.3000334096419322,30.00334096419322,5.062616992290714e-13
PI_NO_ANTI_WINDUP,False,2900.0,7.088235433898515,8.515919967641889,7.0,0.0882354338985154,0.02647063016955462,274.1599900755024,0.2741599900755024,0.30063062024505705,30.0,5.0,29.838606755236498,0.30063062024505705,0.30063062024505705,30.063062024505705,1.4566126083082054e-12
PI_NO_ANTI_WINDUP,False,2910.0,7.087161485241725,8.516692184124011,7.0,0.08716148524172507,0.02614844557251752,275.04234441448756,0.27504234441448755,0.30119078998700505,30.0,5.0,29.877191606639776,0.30119078998700505,0.30119078998700505,30.119078998700505,1.1546319456101628e-12
PI_NO_ANTI_WINDUP,False,2920.0,7.086004129298851,8.517279784092242,7.0,0.0860041292988507,0.02580123878965521,275.9139592669048,0.27591395926690476,0.30171519805656,30.0,5.0,29.913661185181876,0.30171519805656,0.30171519805656,30.171519805656,4.085620730620576e-13
PI_NO_ANTI_WINDUP,False,2930.0,7.084770355995147,8.517692888469362,7.0,0.08477035599514693,0.025431106798544077,276.7740005598933,0.2767740005598933,0.3022051073584374,30.0,5.0,29.9480809287111,0.3022051073584374,0.3022051073584374,30.220510735843742,4.887201754399939e-13
PI_NO_ANTI_WINDUP,False,2940.0,7.083466864094991,8.5179413050784,7.0,0.08346686409499071,0.025040059228497214,277.62170411984476,0.27762170411984477,0.302661763348342,30.0,5.0,29.980515816553257,0.302661763348342,0.302661763348342,30.2661763348342,2.6645352591003757e-13
PI_NO_ANTI_WINDUP,False,2950.0,7.082100067356804,8.518034530836518,7.0,0.0821000673568042,0.024630020207041258,278.4563727607947,0.2784563727607947,0.30308639296783596,30.0,5.0,30.011030286726015,0.30308639296783596,0.30308639296783596,30.308639296783596,-1.9273471707492718e-12
PI_NO_ANTI_WINDUP,False,2960.0,7.0806761008015044,8.517981754345007,7.0,0.08067610080150445,0.024202830240451334,279.27737343436274,0.27927737343436276,0.3034802036748141,30.0,5.0,30.039688159059196,0.3034802036748141,0.3034802036748141,30.34802036748141,9.681144774731365e-13
PI_NO_ANTI_WINDUP,False,2970.0,7.079200827076996,8.517791858847115,7.0,0.07920082707699638,0.023760248123098914,280.0841344423778,0.2800841344423778,0.3038443825654767,30.0,5.0,30.06655256399548,0.3038443825654767,0.3038443825654767,30.384438256547668,-1.2163603457793215e-12
PI_NO_ANTI_WINDUP,False,2980.0,7.077679842902105,8.517473425526562,7.0,0.07767984290210528,0.023303952870631583,280.8761427131477,0.2808761427131477,0.3041800955837793,30.0,5.0,30.091685876851148,0.3041800955837793,0.3041800955837793,30.41800955837793,-1.1097789354153065e-12
PI_NO_ANTI_WINDUP,False,2990.0,7.076118485574226,8.517034737120577,7.0,0.07611848557422629,0.022835545672267886,281.65294114216874,0.28165294114216877,0.30448848681443663,30.0,5.0,30.115149657318725,0.30448848681443663,0.30448848681443663,30.448848681443664,2.531308496145357e-12
PI_NO_ANTI_WINDUP,False,3000.0,7.074521839525781,8.516483781822402,7.0,0.07452183952578117,0.02235655185773435,282.414125997911,0.28241412599791105,0.3047706778556454,30.0,5.0,30.137004593999364,0.3047706778556454,0.3047706778556454,30.477067785564536,8.881784197001252e-15
PI_NO_ANTI_WINDUP,False,3010.0,7.072894742915421,8.515828257449199,7.0,0.07289474291542142,0.021868422874626425,283.15934439316885,0.28315934439316887,0.3050277672677953,30.0,5.0,30.157310453755944,0.3050277672677953,0.3050277672677953,30.50277672677953,-1.9539925233402755e-13
PI_NO_ANTI_WINDUP,False,3020.0,7.071241794240668,8.515075575852281,7.0,0.07124179424066757,0.02137253827220027,283.8882918223231,0.2838882918223231,0.30526083009452337,30.0,5.0,30.176126035682717,0.30526083009452337,0.30526083009452337,30.526083009452336,1.3766765505351941e-12
PI_NO_ANTI_WINDUP,False,3030.0,7.069567358959473,8.514232867547578,7.0,0.06956735895947297,0.02087020768784189,284.60070976472974,0.28460070976472973,0.3054709174525716,30.0,5.0,30.193509129491403,0.3054709174525716,0.3054709174525716,30.54709174525716,-1.4832579608992091e-12
PI_NO_ANTI_WINDUP,False,3040.0,7.067875576108919,8.513306986545228,7.0,0.0678755761089187,0.02036267283267561,285.29638335432446,0.28529638335432445,0.30565905618700007,30.0,5.0,30.209516478118857,0.30565905618700007,0.30565905618700007,30.565905618700008,2.220446049250313e-13
PI_NO_ANTI_WINDUP,False,3050.0,7.066170364909966,8.512304515358057,7.0,0.06617036490996586,0.019851109472989757,285.97513911541364,0.28597513911541367,0.3058262485884034,30.0,5.0,30.224203744365102,0.3058262485884034,0.3058262485884034,30.58262485884034,1.7053025658242404e-12
PI_NO_ANTI_WINDUP,False,3060.0,7.064455431347883,8.511231770169708,7.0,0.06445543134788334,0.019336629404365,286.6368427645133,0.2866368427645133,0.30597347216887827,30.0,5.0,30.237625481376135,0.30597347216887827,0.30597347216887827,30.597347216887826,1.545430450278218e-12
PI_NO_ANTI_WINDUP,False,3070.0,7.062734274718641,8.510094806143984,7.0,0.06273427471864057,0.01882028241559217,287.2813970779921,0.2872813970779921,0.3061016794935843,30.0,5.0,30.24983510678968,0.3061016794935843,0.3061016794935843,30.61016794935843,-2.1671553440683056e-12
PI_NO_ANTI_WINDUP,False,3080.0,7.061010194132187,8.508899422857908,7.0,0.06101019413218722,0.018303058239656167,287.9087398251785,0.2879087398251785,0.3062117980648347,30.0,5.0,30.260884880367566,0.3062117980648347,0.3062117980648347,30.621179806483468,-1.6608936448392342e-12
PI_NO_ANTI_WINDUP,False,3090.0,7.059286294964169,8.507651169841795,7.0,0.05928629496416882,0.017785888489250643,288.5188417665004,0.2885188417665004,0.30630473025575106,30.0,5.0,30.270825884942383,0.30630473025575106,0.30630473025575106,30.630473025575107,-6.039613253960852e-13
PI_NO_ANTI_WINDUP,False,3100.0,7.057565495248223,8.506355352210491,7.0,0.057565495248223186,0.017269648574466955,289.11170471614207,0.28911170471614206,0.306381353290609,30.0,5.0,30.2797080105114,0.306381353290609,0.306381353290609,30.6381353290609,-2.8421709430404007e-13
PI_NO_ANTI_WINDUP,False,3110.0,7.055850532001575,8.505017036370724,7.0,0.05585053200157475,0.016755159600472424,289.6873596686243,0.2896873596686243,0.3064425192690967,30.0,5.0,30.287579941315215,0.3064425192690967,0.3064425192690967,30.64425192690967,1.4210854715202004e-13
PI_NO_ANTI_WINDUP,False,3120.0,7.0541439674771995,8.503641055790268,7.0,0.05414396747719952,0.016243190243159854,290.24586498864005,0.2902458649886401,0.3064890552317999,30.0,5.0,30.29448914574314,0.3064890552317999,0.3064890552317999,30.64890552317999,6.838973831690964e-13
PI_NO_ANTI_WINDUP,False,3130.0,7.052448195336353,8.502232016815421,7.0,0.052448195336353365,0.01573445860090601,290.78730466341204,0.29078730466341207,0.30652176326431807,30.0,5.0,30.300481868912517,0.30652176326431807,0.30652176326431807,30.652176326431807,9.681144774731365e-13
PI_NO_ANTI_WINDUP,False,3140.0,7.050765446735783,8.500794304523973,7.0,0.05076544673578276,0.015229634020734828,291.3117866167756,0.2913117866167756,0.30654142063751044,30.0,5.0,30.305603127773175,0.30654142063751044,0.30654142063751044,30.654142063751046,-1.1901590823981678e-12
PI_NO_ANTI_WINDUP,False,3150.0,7.049097796324405,8.499332088601614,7.0,0.04909779632440525,0.014729338897321574,291.8194410841334,0.29181944108413344,0.306548779981455,30.0,5.0,30.30989670859366,0.306548779981455,0.306548779981455,30.6548779981455,7.824851877558103e-13
PI_NO_ANTI_WINDUP,False,3160.0,7.047447168144731,8.497849329230352,7.0,0.047447168144731044,0.014234150443419313,292.3104190473775,0.2923104190473775,0.3065445694907968,30.0,5.0,30.313405166689474,0.3065445694907968,0.3065445694907968,30.654456949079677,-1.8198775819655566e-12
PI_NO_ANTI_WINDUP,False,3170.0,7.04581534143473,8.49634978297825,7.0,0.04581534143473043,0.013744602430419127,292.7848907288248,0.2927848907288248,0.30652949315924394,30.0,5.0,30.31616982825955,0.30652949315924394,0.30652949315924394,30.652949315924396,2.0170531911389844e-12
PI_NO_ANTI_WINDUP,False,3180.0,7.044203956326286,8.494837008680356,7.0,0.04420395632628615,0.013261186897885845,293.2430441431721,0.2932430441431721,0.30650423104105795,30.0,5.0,30.318230794200066,0.30650423104105795,0.30650423104105795,30.650423104105794,-1.6076029396572267e-12
PI_NO_ANTI_WINDUP,False,3190.0,7.042614519436785,8.49331437330141,7.0,0.042614519436784626,0.012784355831035387,293.68508370643497,0.293685083706435,0.30646943953747036,30.0,5.0,30.31962694577065,0.30646943953747036,0.30646943953747036,30.646943953747037,-1.7763568394002505e-14
PI_NO_ANTI_WINDUP,False,3200.0,7.041048409350773,8.491785057771406,7.0,0.04104840935077281,0.012314522805231843,294.1112289008028,0.2941112289008028,0.30642575170603464,30.0,5.0,30.320395951991223,0.30642575170603464,0.30642575170603464,30.642575170603465,-1.794120407794253e-12
PI_NO_ANTI_WINDUP,False,3210.0,7.039506881988991,8.490252062785801,7.0,0.03950688198899144,0.011852064596697432,294.5217129943105,0.2945217129943105,0.3063737775910079,30.0,5.0,30.320574278653325,0.3063737775910079,0.3063737775910079,30.637377759100794,-1.234568003383174e-12
PI_NO_ANTI_WINDUP,False,3220.0,7.037991075862449,8.48871821456258,7.0,0.03799107586244865,0.011397322758734596,294.9167818142004,0.29491678181420045,0.30631410457293506,30.0,5.0,30.320197198832737,0.30631410457293506,0.30631410457293506,30.631410457293505,2.3092638912203256e-13
PI_NO_ANTI_WINDUP,False,3230.0,7.036502017209527,8.487186170549027,7.0,0.03650201720952673,0.010950605162858017,295.2966925728249,0.2952966925728249,0.30624729773568293,30.0,5.0,30.31929880479555,0.30624729773568293,0.30624729773568293,30.624729773568294,2.682298827494378e-12
PI_NO_ANTI_WINDUP,False,3240.0,7.0350406250144415,8.485658425071536,7.0,0.035040625014441495,0.010512187504332448,295.6617127449202,0.2956617127449202,0.3061739002492527,30.0,5.0,30.317912021193276,0.3061739002492527,0.3061739002492527,30.617390024925268,-7.194245199571014e-13
PI_NO_ANTI_WINDUP,False,3250.0,7.033607715905676,8.484137314922286,7.0,0.03360771590567602,0.010082314771702804,296.0121189950646,0.29601211899506463,0.3060944337667674,30.0,5.0,30.316068619447147,0.3060944337667674,0.3060944337667674,30.609443376676744,2.220446049250313e-13
PI_NO_ANTI_WINDUP,False,3260.0,7.032204008933285,8.482625024877084,7.0,0.032204008933285344,0.009661202679985603,296.34819615412135,0.29634819615412133,0.30600939883410694,30.0,5.0,30.31379923322539,0.30600939883410694,0.30600939883410694,30.600939883410692,-1.3233858453531866e-12
PI_NO_ANTI_WINDUP,False,3270.0,7.030830130224265,8.481123593139163,7.0,0.030830130224265062,0.009249039067279518,296.6702362434542,0.29667023624345423,0.30591927531073376,30.0,5.0,30.31113337492136,0.30591927531073376,0.30591927531073376,30.591927531073377,-7.016609515630989e-13
PI_NO_ANTI_WINDUP,False,3280.0,7.029486617515404,8.479634916704132,7.0,0.0294866175154036,0.00884598525462108,296.97853754569684,0.29697853754569686,0.30582452280031797,30.0,5.0,30.308099453044424,0.30582452280031797,0.30582452280031797,30.582452280031795,-1.0746958878371515e-12
PI_NO_ANTI_WINDUP,False,3290.0,7.028173924563311,8.478160756641719,7.0,0.028173924563311026,0.008452177368993308,297.27340372085087,0.29727340372085087,0.30572558108984416,30.0,5.0,30.304724790438723,0.30572558108984416,0.30572558108984416,30.572558108984417,1.1368683772161603e-12
PI_NO_ANTI_WINDUP,False,3300.0,7.026892425431513,8.476702743290337,7.0,0.026892425431513267,0.00806772762945398,297.55514296648397,0.297555142966484,0.30562287059593796,30.0,5.0,30.30103564324942,0.30562287059593796,0.30562287059593796,30.562287059593796,-9.769962616701378e-13
PI_NO_ANTI_WINDUP,False,3310.0,7.025642418654746,8.475262381360913,7.0,0.025642418654745924,0.007692725596423777,297.8240672207991,0.2978240672207991,0.3055167928172229,30.0,5.0,30.297057220558898,0.3055167928172229,0.3055167928172229,30.551679281722286,-1.6786572132332367e-12
PI_NO_ANTI_WINDUP,False,3320.0,7.0244241312807585,8.473841054946757,7.0,0.024424131280758488,0.007327239384227546,298.0804914073466,0.2980804914073466,0.30540773079157413,30.0,5.0,30.29281370461936,0.30540773079157413,0.30540773079157413,30.54077307915741,1.5987211554602254e-12
PI_NO_ANTI_WINDUP,False,3330.0,7.023237722790146,8.472440032436616,7.0,0.02323772279014591,0.006971316837043773,298.32473272015415,0.29832473272015414,0.3052960495571979,30.0,5.0,30.28832827161122,0.3052960495571979,0.3052960495571979,30.52960495571979,-5.506706202140776e-13
PI_NO_ANTI_WINDUP,False,3340.0,7.02208328889489,8.471060471328428,7.0,0.02208328889488964,0.006624986668466892,298.5571099480556,0.2985571099480556,0.3051820966165225,30.0,5.0,30.283623112860955,0.3051820966165225,0.3051820966165225,30.51820966165225,4.5297099404706387e-13
PI_NO_ANTI_WINDUP,False,3350.0,7.020960865216463,8.469703422941533,7.0,0.020960865216462565,0.006288259564938769,298.7779428370045,0.2987779428370045,0.30506620240194326,30.0,5.0,30.278719456453977,0.30506620240194326,0.30506620240194326,30.506620240194326,-6.128431095930864e-13
PI_NO_ANTI_WINDUP,False,3360.0,7.019870430844499,8.468369837025486,7.0,0.0198704308444988,0.00596112925334964,298.9875514891691,0.2989875514891691,0.30494868074251874,30.0,5.0,30.273637589182638,0.30494868074251874,0.30494868074251874,30.494868074251873,6.750155989720952e-13
PI_NO_ANTI_WINDUP,False,3370.0,7.018811911777182,8.467060566263847,7.0,0.01881191177718211,0.005643573533154633,299.1862557976141,0.2991862557976141,0.30482982933076874,30.0,5.0,30.268396878771284,0.30482982933076874,0.30482982933076874,30.482982933076876,-2.9309887850104133e-13
PI_NO_ANTI_WINDUP,False,3380.0,7.0177851842446195,8.46577637067164,7.0,0.0177851842446195,0.00533555527338585,299.3743749153859,0.2993743749153859,0.30470993018877174,30.0,5.0,30.26301579632471,0.30470993018877174,0.30470993018877174,30.470993018877174,-5.240252676230739e-13
PI_NO_ANTI_WINDUP,False,3390.0,7.0167900779166175,8.464517921885397,7.0,0.016790077916617463,0.005037023374985239,299.5522267578321,0.2995522267578321,0.30458925013281735,30.0,5.0,30.257511938947495,0.30458925013281735,0.30458925013281735,30.458925013281736,1.8474111129762605e-12
PI_NO_ANTI_WINDUP,False,3400.0,7.0158263789963575,8.46328580734498,7.0,0.015826378996357526,0.004747913698907258,299.7201275369983,0.2997201275369983,0.30446804123590554,30.0,5.0,30.25190205248619,0.30446804123590554,0.30446804123590554,30.446804123590553,5.950795411990839e-13
PI_NO_ANTI_WINDUP,False,3410.0,7.0148938332016,8.462080534366576,7.0,0.014893833201599982,0.004468149960479994,299.8783913269619,0.29987839132696187,0.3043465412874419,30.0,5.0,30.246202054348,0.3043465412874419,0.3043465412874419,30.43465412874419,-2.4868995751603507e-13
PI_NO_ANTI_WINDUP,False,3420.0,7.013992148635111,8.460902534106538,7.0,0.013992148635111334,0.0041976445905334,300.02732965897786,0.3000273296589779,0.3042249742495113,30.0,5.0,30.240427056352807,0.3042249742495113,0.3042249742495113,30.42249742495113,2.6645352591003757e-14
PI_NO_ANTI_WINDUP,False,3430.0,7.013120998546124,8.459752165415855,7.0,0.013120998546123808,0.003936299563837142,300.167251145329,0.300167251145329,0.3041035507091661,30.0,5.0,30.23459138757738,0.3041035507091661,0.3041035507091661,30.410355070916612,1.1102230246251565e-12
PI_NO_ANTI_WINDUP,False,3440.0,7.012280023984692,8.45862971858534,7.0,0.012280023984692079,0.0036840071954076237,300.2984611307902,0.30029846113079023,0.30398246832619785,30.0,5.0,30.228708617153554,0.30398246832619785,0.30398246832619785,30.398246832619787,-1.3589129821411916e-12
PI_NO_ANTI_WINDUP,False,3450.0,7.011468836350883,8.457535418981735,7.0,0.011468836350882583,0.003440650905264775,300.4212613706371,0.3004212613706371,0.3038619122759019,30.0,5.0,30.222791576984807,0.3038619122759019,0.3038619122759019,30.386191227590192,-6.745715097622451e-13
PI_NO_ANTI_WINDUP,False,3460.0,7.010687019840809,8.456469430575108,7.0,0.010687019840808887,0.003206105952242666,300.53594973414596,0.300535949734146,0.3037420556863887,30.0,5.0,30.216852384346854,0.3037420556863887,0.3037420556863887,30.374205568638867,-1.3140599719463353e-12
PI_NO_ANTI_WINDUP,False,3470.0,7.009934133791565,8.455431859358137,7.0,0.009934133791564825,0.0029802401374694476,300.64281993255406,0.3006428199325541,0.30362306007002354,30.0,5.0,30.210902464341366,0.30362306007002354,0.30362306007002354,30.362306007002353,-3.637090628672013e-13
PI_NO_ANTI_WINDUP,False,3480.0,7.009209714927159,8.454422756657939,7.0,0.009209714927158608,0.0027629144781475823,300.7421612704697,0.3007421612704697,0.3035050757486173,30.0,5.0,30.20495257217331,0.3035050757486173,0.3035050757486173,30.35050757486173,-8.837375276016246e-14
PI_NO_ANTI_WINDUP,False,3490.0,7.008513279507596,8.45344212234132,7.0,0.008513279507596394,0.002553983852278918,300.8342584197413,0.30083425841974126,0.30338824227202016,30.0,5.0,30.199012815224823,0.30338824227202016,0.30338824227202016,30.338824227202014,-1.411759598113349e-12
PI_NO_ANTI_WINDUP,False,3500.0,7.007844325383304,8.452489907914407,7.0,0.007844325383303818,0.0023532976149911455,300.9193912148172,0.3009193912148172,0.30327268882980835,30.0,5.0,30.193092674900047,0.30327268882980835,0.30327268882980835,30.327268882980835,-3.459454944731988e-13
PI_NO_ANTI_WINDUP,False,3510.0,7.00720233395708,8.451566019517756,7.0,0.007202333957080143,0.0021607001871240426,300.99783446865024,0.30099783446865025,0.3031585346557743,30.0,5.0,30.187201028218123,0.3031585346557743,0.3031585346557743,30.31585346557743,9.15267861500979e-13
PI_NO_ANTI_WINDUP,False,3520.0,7.006586772055839,8.450670320818148,7.0,0.006586772055839241,0.001976031616751772,301.06985780822106,0.30106985780822104,0.3030458894249728,30.0,5.0,30.181346169132244,0.3030458894249728,0.3030458894249728,30.30458894249728,-4.5297099404706387e-13
PI_NO_ANTI_WINDUP,False,3530.0,7.00599709371438,8.449802635798376,7.0,0.005997093714380064,0.001799128114314019,301.13572552877946,0.3011357255287795,0.3029348536430935,30.0,5.0,30.175535829555507,0.3029348536430935,0.3029348536430935,30.29348536430935,-3.019806626980426e-13
PI_NO_ANTI_WINDUP,False,3540.0,7.005432741873452,8.448962751446436,7.0,0.005432741873452329,0.0016298225620356988,301.1956964659233,0.30119569646592326,0.30282551902795896,30.0,5.0,30.169777200075348,0.30282551902795896,0.30282551902795896,30.282551902795895,-3.8191672047105385e-13
PI_NO_ANTI_WINDUP,False,3550.0,7.004893149994406,8.448150420345597,7.0,0.004893149994406265,0.0014679449983218795,301.2500238846578,0.3012500238846578,0.3027179688829797,30.0,5.0,30.164076950339876,0.3027179688829797,0.3027179688829797,30.27179688829797,-8.43769498715119e-13
PI_NO_ANTI_WINDUP,False,3560.0,7.004377743592693,8.447365363166936,7.0,0.004377743592693051,0.0013133230778079152,301.29895538460187,0.3012989553846019,0.3026122784624098,30.0,5.0,30.158441249101678,0.3026122784624098,0.3026122784624098,30.261227846240978,-1.3766765505351941e-12
PI_NO_ANTI_WINDUP,False,3570.0,7.003885941692505,8.446607271065972,7.0,0.0038859416925047796,0.0011657825077514338,301.3427328205288,0.3013427328205288,0.30250851532828027,30.0,5.0,30.152875783905454,0.30250851532828027,0.30250851532828027,30.250851532828026,5.950795411990839e-13
PI_NO_ANTI_WINDUP,False,3580.0,7.003417158204837,8.445875807985084,7.0,0.003417158204836568,0.0010251474614509702,301.38159223745384,0.30138159223745387,0.30240673969890486,30.0,5.0,30.147385780407173,0.30240673969890486,0.30240673969890486,30.240673969890487,-1.0746958878371515e-12
PI_NO_ANTI_WINDUP,False,3590.0,7.002970803231232,8.445170612863519,7.0,0.002970803231232111,0.0008912409693696332,301.4157638195022,0.30141576381950225,0.3023070047888719,30.0,5.0,30.141976021314797,0.3023070047888719,0.3023070047888719,30.23070047888719,5.329070518200751e-13
PI_NO_ANTI_WINDUP,False,3600.0,7.002546284295479,8.44449130175675,7.0,0.0025462842954793174,0.0007638852886437952,301.44547185181455,0.30144547185181453,0.3022093571404583,30.0,5.0,30.136650864940563,0.3022093571404583,0.3022093571404583,30.220935714045833,2.0516921495072893e-12
PI_ANTI_WINDUP,True,0.0,7.0,8.435406698564593,7.0,0.0,0.0,300.0,0.3,0.3,30.0,5.0,29.999999999999996,0.3,0.3,30.0,0.0
PI_ANTI_WINDUP,True,10.0,7.0,8.435406698564593,7.0,0.0,0.0,300.0,0.3,0.3,30.0,5.0,29.999999999999996,0.3,0.3,30.0,0.0
PI_ANTI_WINDUP,True,20.0,7.0,8.435406698564593,7.0,0.0,0.0,300.0,0.3,0.3,30.0,5.0,29.999999999999996,0.3,0.3,30.0,0.0
PI_ANTI_WINDUP,True,30.0,7.0,8.435406698564593,7.0,0.0,0.0,300.0,0.3,0.3,30.0,5.0,29.999999999999996,0.3,0.3,30.0,0.0
PI_ANTI_WINDUP,True,40.0,7.0,8.435406698564593,7.0,0.0,0.0,300.0,0.3,0.3,30.0,5.0,29.999999999999996,0.3,0.3,30.0,0.0
PI_ANTI_WINDUP,True,50.0,7.0,8.435406698564593,7.0,0.0,0.0,300.0,0.3,0.3,30.0,5.0,29.999999999999996,0.3,0.3,30.0,0.0
PI_ANTI_WINDUP,True,60.0,7.0,8.435406698564593,7.0,0.0,0.0,300.0,0.3,0.3,30.0,5.0,29.999999999999996,0.3,0.3,30.0,0.0
PI_ANTI_WINDUP,True,70.0,7.0,8.435406698564593,7.0,0.0,0.0,300.0,0.3,0.3,30.0,5.0,29.999999999999996,0.3,0.3,30.0,0.0
PI_ANTI_WINDUP,True,80.0,7.0,8.435406698564593,7.0,0.0,0.0,300.0,0.3,0.3,30.0,5.0,29.999999999999996,0.3,0.3,30.0,0.0
PI_ANTI_WINDUP,True,90.0,7.0,8.435406698564593,7.0,0.0,0.0,300.0,0.3,0.3,30.0,5.0,29.999999999999996,0.3,0.3,30.0,0.0
PI_ANTI_WINDUP,True,100.0,7.0,8.435406698564593,7.0,0.0,0.0,300.0,0.3,0.3,30.0,5.0,29.999999999999996,0.3,0.3,30.0,0.0
PI_ANTI_WINDUP,True,110.0,7.0,8.435406698564593,7.0,0.0,0.0,300.0,0.3,0.3,30.0,5.0,29.999999999999996,0.3,0.3,30.0,0.0
PI_ANTI_WINDUP,True,120.0,7.0,8.435406698564593,7.0,0.0,0.0,300.0,0.3,0.3,30.0,5.0,29.999999999999996,0.3,0.3,30.0,0.0
PI_ANTI_WINDUP,True,130.0,7.0,8.435406698564593,7.0,0.0,0.0,300.0,0.3,0.3,30.0,5.0,29.999999999999996,0.3,0.3,30.0,0.0
PI_ANTI_WINDUP,True,140.0,7.0,8.435406698564593,7.0,0.0,0.0,300.0,0.3,0.3,30.0,5.0,29.999999999999996,0.3,0.3,30.0,0.0
PI_ANTI_WINDUP,True,150.0,7.0,8.435406698564593,7.0,0.0,0.0,300.0,0.3,0.3,30.0,5.0,29.999999999999996,0.3,0.3,30.0,0.0
PI_ANTI_WINDUP,True,160.0,7.0,8.435406698564593,7.0,0.0,0.0,300.0,0.3,0.3,30.0,5.0,29.999999999999996,0.3,0.3,30.0,0.0
PI_ANTI_WINDUP,True,170.0,7.0,8.435406698564593,7.0,0.0,0.0,300.0,0.3,0.3,30.0,5.0,29.999999999999996,0.3,0.3,30.0,0.0
PI_ANTI_WINDUP,True,180.0,7.0,8.435406698564593,7.0,0.0,0.0,300.0,0.3,0.3,30.0,5.0,29.999999999999996,0.3,0.3,30.0,0.0
PI_ANTI_WINDUP,True,190.0,7.0,8.435406698564593,7.0,0.0,0.0,300.0,0.3,0.3,30.0,5.0,29.999999999999996,0.3,0.3,30.0,0.0
PI_ANTI_WINDUP,True,200.0,7.0,8.435406698564593,7.0,0.0,0.0,300.0,0.3,0.3,30.0,5.0,29.999999999999996,0.3,0.3,30.0,0.0
PI_ANTI_WINDUP,True,210.0,7.0,8.435406698564593,7.0,0.0,0.0,300.0,0.3,0.3,30.0,5.0,29.999999999999996,0.3,0.3,30.0,0.0
PI_ANTI_WINDUP,True,220.0,7.0,8.435406698564593,7.0,0.0,0.0,300.0,0.3,0.3,30.0,5.0,29.999999999999996,0.3,0.3,30.0,0.0
PI_ANTI_WINDUP,True,230.0,7.0,8.435406698564593,7.0,0.0,0.0,300.0,0.3,0.3,30.0,5.0,29.999999999999996,0.3,0.3,30.0,0.0
PI_ANTI_WINDUP,True,240.0,7.0,8.435406698564593,7.0,0.0,0.0,300.0,0.3,0.3,30.0,5.0,29.999999999999996,0.3,0.3,30.0,0.0
PI_ANTI_WINDUP,True,250.0,7.0,8.435406698564593,7.0,0.0,0.0,300.0,0.3,0.3,30.0,5.0,29.999999999999996,0.3,0.3,30.0,0.0
PI_ANTI_WINDUP,True,260.0,7.0,8.435406698564593,7.0,0.0,0.0,300.0,0.3,0.3,30.0,5.0,29.999999999999996,0.3,0.3,30.0,0.0
PI_ANTI_WINDUP,True,270.0,7.0,8.435406698564593,7.0,0.0,0.0,300.0,0.3,0.3,30.0,5.0,29.999999999999996,0.3,0.3,30.0,0.0
PI_ANTI_WINDUP,True,280.0,7.0,8.435406698564593,7.0,0.0,0.0,300.0,0.3,0.3,30.0,5.0,29.999999999999996,0.3,0.3,30.0,0.0
PI_ANTI_WINDUP,True,290.0,7.0,8.435406698564593,7.0,0.0,0.0,300.0,0.3,0.3,30.0,5.0,29.999999999999996,0.3,0.3,30.0,0.0
PI_ANTI_WINDUP,True,300.0,7.0,8.435406698564593,7.0,0.0,0.0,300.0,0.3,0.3,30.0,5.0,29.999999999999996,0.3,0.3,30.0,0.0
PI_ANTI_WINDUP,True,310.0,7.0,8.435406698564593,7.0,0.0,0.0,300.0,0.3,0.3,30.0,5.0,29.999999999999996,0.3,0.3,30.0,0.0
PI_ANTI_WINDUP,True,320.0,7.0,8.435406698564593,7.0,0.0,0.0,300.0,0.3,0.3,30.0,5.0,29.999999999999996,0.3,0.3,30.0,0.0
PI_ANTI_WINDUP,True,330.0,7.0,8.435406698564593,7.0,0.0,0.0,300.0,0.3,0.3,30.0,5.0,29.999999999999996,0.3,0.3,30.0,0.0
PI_ANTI_WINDUP,True,340.0,7.0,8.435406698564593,7.0,0.0,0.0,300.0,0.3,0.3,30.0,5.0,29.999999999999996,0.3,0.3,30.0,0.0
PI_ANTI_WINDUP,True,350.0,7.0,8.435406698564593,7.0,0.0,0.0,300.0,0.3,0.3,30.0,5.0,29.999999999999996,0.3,0.3,30.0,0.0
PI_ANTI_WINDUP,True,360.0,7.0,8.435406698564593,7.0,0.0,0.0,300.0,0.3,0.3,30.0,5.0,29.999999999999996,0.3,0.3,30.0,0.0
PI_ANTI_WINDUP,True,370.0,7.0,8.435406698564593,7.0,0.0,0.0,300.0,0.3,0.3,30.0,5.0,29.999999999999996,0.3,0.3,30.0,0.0
PI_ANTI_WINDUP,True,380.0,7.0,8.435406698564593,7.0,0.0,0.0,300.0,0.3,0.3,30.0,5.0,29.999999999999996,0.3,0.3,30.0,0.0
PI_ANTI_WINDUP,True,390.0,7.0,8.435406698564593,7.0,0.0,0.0,300.0,0.3,0.3,30.0,5.0,29.999999999999996,0.3,0.3,30.0,0.0
PI_ANTI_WINDUP,True,400.0,7.0,8.435406698564593,7.0,0.0,0.0,300.0,0.3,0.3,30.0,5.0,29.999999999999996,0.3,0.3,30.0,0.0
PI_ANTI_WINDUP,True,410.0,7.0,8.435406698564593,7.0,0.0,0.0,300.0,0.3,0.3,30.0,5.0,29.999999999999996,0.3,0.3,30.0,0.0
PI_ANTI_WINDUP,True,420.0,7.0,8.435406698564593,7.0,0.0,0.0,300.0,0.3,0.3,30.0,5.0,29.999999999999996,0.3,0.3,30.0,0.0
PI_ANTI_WINDUP,True,430.0,7.0,8.435406698564593,7.0,0.0,0.0,300.0,0.3,0.3,30.0,5.0,29.999999999999996,0.3,0.3,30.0,0.0
PI_ANTI_WINDUP,True,440.0,7.0,8.435406698564593,7.0,0.0,0.0,300.0,0.3,0.3,30.0,5.0,29.999999999999996,0.3,0.3,30.0,0.0
PI_ANTI_WINDUP,True,450.0,7.0,8.435406698564593,7.0,0.0,0.0,300.0,0.3,0.3,30.0,5.0,29.999999999999996,0.3,0.3,30.0,0.0
PI_ANTI_WINDUP,True,460.0,7.0,8.435406698564593,7.0,0.0,0.0,300.0,0.3,0.3,30.0,5.0,29.999999999999996,0.3,0.3,30.0,0.0
PI_ANTI_WINDUP,True,470.0,7.0,8.435406698564593,7.0,0.0,0.0,300.0,0.3,0.3,30.0,5.0,29.999999999999996,0.3,0.3,30.0,0.0
PI_ANTI_WINDUP,True,480.0,7.0,8.435406698564593,7.0,0.0,0.0,300.0,0.3,0.3,30.0,5.0,29.999999999999996,0.3,0.3,30.0,0.0
PI_ANTI_WINDUP,True,490.0,7.0,8.435406698564593,7.0,0.0,0.0,300.0,0.3,0.3,30.0,5.0,29.999999999999996,0.3,0.3,30.0,0.0
PI_ANTI_WINDUP,True,500.0,7.0,8.435406698564593,7.0,0.0,0.0,300.0,0.3,0.3,30.0,5.0,29.999999999999996,0.3,0.3,30.0,0.0
PI_ANTI_WINDUP,True,510.0,7.0,8.435406698564593,7.0,0.0,0.0,300.0,0.3,0.3,30.0,5.0,29.999999999999996,0.3,0.3,30.0,0.0
PI_ANTI_WINDUP,True,520.0,7.0,8.435406698564593,7.0,0.0,0.0,300.0,0.3,0.3,30.0,5.0,29.999999999999996,0.3,0.3,30.0,0.0
PI_ANTI_WINDUP,True,530.0,7.0,8.435406698564593,7.0,0.0,0.0,300.0,0.3,0.3,30.0,5.0,29.999999999999996,0.3,0.3,30.0,0.0
PI_ANTI_WINDUP,True,540.0,7.0,8.435406698564593,7.0,0.0,0.0,300.0,0.3,0.3,30.0,5.0,29.999999999999996,0.3,0.3,30.0,0.0
PI_ANTI_WINDUP,True,550.0,7.0,8.435406698564593,7.0,0.0,0.0,300.0,0.3,0.3,30.0,5.0,29.999999999999996,0.3,0.3,30.0,0.0
PI_ANTI_WINDUP,True,560.0,7.0,8.435406698564593,7.0,0.0,0.0,300.0,0.3,0.3,30.0,5.0,29.999999999999996,0.3,0.3,30.0,0.0
PI_ANTI_WINDUP,True,570.0,7.0,8.435406698564593,7.0,0.0,0.0,300.0,0.3,0.3,30.0,5.0,29.999999999999996,0.3,0.3,30.0,0.0
PI_ANTI_WINDUP,True,580.0,7.0,8.435406698564593,7.0,0.0,0.0,300.0,0.3,0.3,30.0,5.0,29.999999999999996,0.3,0.3,30.0,0.0
PI_ANTI_WINDUP,True,590.0,7.0,8.435406698564593,7.0,0.0,0.0,300.0,0.3,0.3,30.0,5.0,29.999999999999996,0.3,0.3,30.0,0.0
PI_ANTI_WINDUP,True,600.0,7.0,8.435406698564593,7.0,0.0,0.0,300.0,0.3,0.3,120.0,5.0,29.999999999999996,0.3,0.3,30.0,0.0
PI_ANTI_WINDUP,True,610.0,7.0,8.866028708133971,7.0,0.0,0.0,300.0,0.3,0.3,120.0,5.0,38.99999999999999,0.3,0.3,30.0,-4.547473508864641e-13
PI_ANTI_WINDUP,True,620.0,7.043062200956938,9.253588516746412,7.0,0.043062200956938135,0.01291866028708144,300.0,0.3,0.31291866028708143,120.0,5.0,46.19999999999999,0.31291866028708143,0.31291866028708143,31.291866028708142,1.2505552149377763e-12
PI_ANTI_WINDUP,True,630.0,7.114392985508574,9.606698564593302,7.0,0.11439298550857391,0.03431789565257217,300.4306220095694,0.3004306220095694,0.33474851766214153,120.0,5.0,52.089186602870804,0.33474851766214153,0.33474851766214153,33.47485176621415,2.2737367544323206e-13
PI_ANTI_WINDUP,True,640.0,7.203456788554778,9.931630686110665,7.0,0.203456788554778,0.061037036566433396,301.5745518646551,0.30157455186465515,0.36261158843108854,120.0,5.0,57.01883445891804,0.36261158843108854,0.36261158843108854,36.26115884310885,-1.7053025658242404e-12
PI_ANTI_WINDUP,True,650.0,7.302775810639989,10.232975975780914,7.0,0.3027758106399894,0.09083274319199681,303.6091197502029,0.30360911975020294,0.39444186294219974,120.0,5.0,61.24118345144531,0.39444186294219974,0.39444186294219974,39.444186294219975,-7.958078640513122e-13
PI_ANTI_WINDUP,True,660.0,7.407067663066905,10.514118638692658,7.0,0.407067663066905,0.1221202989200715,306.63687785660284,0.3066368778566028,0.4287571767766743,120.0,5.0,64.93736539057822,0.4287571767766743,0.4287571767766743,42.87571767766743,-1.2505552149377763e-12
PI_ANTI_WINDUP,True,670.0,7.512625786095186,10.77757622055592,7.0,0.5126257860951862,0.15378773582855584,310.70755448727186,0.3107075544872719,0.4644952903158277,120.0,5.0,68.23746408022933,0.4644952903158277,0.4644952903158277,46.44952903158277,2.2737367544323206e-13
PI_ANTI_WINDUP,True,680.0,7.616874279150911,11.025243856535685,7.0,0.6168742791509114,0.18506228374527342,315.8338123482237,0.3158338123482237,0.5008960960934972,120.0,5.0,71.23492416734176,0.5008960960934972,0.5008960960934972,50.089609609349715,1.7053025658242404e-12
PI_ANTI_WINDUP,True,690.0,7.718048033016902,11.258569578223044,7.0,0.7180480330169017,0.2154144099050705,322.0025551397328,0.3220025551397328,0.5374169650448033,120.0,5.0,73.99690029480837,0.5374169650448033,0.5374169650448033,53.74169650448033,-2.1600499167107046e-12
PI_ANTI_WINDUP,True,700.0,7.814962883688327,11.478680103128267,7.0,0.8149628836883274,0.2444888651064982,329.1830354699018,0.32918303546990185,0.5736719005764,120.0,5.0,76.57168988629475,0.5736719005764,0.5736719005764,57.36719005764,-2.2737367544323206e-13
PI_ANTI_WINDUP,True,710.0,7.906850442677106,11.686471060610112,7.0,0.906850442677106,0.2720551328031318,337.3326643067851,0.3373326643067851,0.6093877971099169,120.0,5.0,78.9940709147998,0.6093877971099169,0.6093877971099169,60.93877971099169,1.7053025658242404e-12
PI_ANTI_WINDUP,True,720.0,7.993239395805374,11.882671678242648,7.0,0.9932393958053742,0.29797181874161227,346.4011687335562,0.3464011687335562,0.6443729874751685,120.0,5.0,81.28913470293902,0.6443729874751685,0.6443729874751685,64.43729874751685,-1.5916157281026244e-12
PI_ANTI_WINDUP,True,730.0,8.073870189850457,12.067891129424758,7.0,1.0738701898504566,0.32216105695513697,356.3335626916099,0.35633356269160993,0.678494619646747,120.0,5.0,83.4750376371029,0.678494619646747,0.678494619646747,67.8494619646747,1.0231815394945443e-12
PI_ANTI_WINDUP,True,740.0,8.148633709814227,12.242651714893166,7.0,1.1486337098142272,0.34459011294426817,367.0722645901145,0.3670722645901145,0.7116623775343827,120.0,5.0,85.5649763061498,0.7116623775343827,0.7116623775343827,71.16623775343827,-1.5916157281026244e-12
PI_ANTI_WINDUP,True,750.0,8.217527195712368,12.40741259381111,7.0,1.2175271957123677,0.3652581587137103,378.5586016882568,0.3785586016882568,0.7438167604019671,120.0,5.0,87.5686048202637,0.7438167604019671,0.7438167604019671,74.38167604019671,-7.389644451905042e-13
PI_ANTI_WINDUP,True,760.0,8.280622548727042,12.562586733427073,7.0,1.2806225487270417,0.3841867646181125,390.73387364538047,0.3907338736453805,0.774920638263493,120.0,5.0,89.49305146023066,0.774920638263493,0.774920638263493,77.4920638263493,2.8421709430404007e-13
PI_ANTI_WINDUP,True,770.0,8.338043542190588,12.708552994382908,7.0,1.3380435421905883,0.40141306265717647,403.5400991326509,0.4035400991326509,0.8049531617898273,120.0,5.0,91.34364755081947,0.8049531617898273,0.8049531617898273,80.49531617898273,-1.0231815394945443e-12
PI_ANTI_WINDUP,True,780.0,8.389949433921865,12.845664728589513,7.0,1.3899494339218652,0.4169848301765596,416.92053455455675,0.41692053455455674,0.8339053647311163,120.0,5.0,93.12444965855384,0.8339053647311163,0.8339053647311163,83.39053647311164,1.9895196601282805e-12
PI_ANTI_WINDUP,True,790.0,8.436523181220632,12.974255878548586,7.0,1.4365231812206325,0.43095695436618975,430.82002889377543,0.43082002889377546,0.8617769832599652,120.0,5.0,94.83861337415422,0.8617769832599652,0.8617769832599652,86.17769832599652,2.1600499167107046e-12
PI_ANTI_WINDUP,True,800.0,8.477962966140048,13.094645288241628,7.0,1.4779629661400477,0.4433888898420143,445.18526070598176,0.44518526070598174,0.888574150547996,120.0,5.0,96.48866053192302,0.888574150547996,0.888574150547996,88.8574150547996,-5.684341886080802e-14
PI_ANTI_WINDUP,True,810.0,8.514476102394227,13.207139735457307,7.0,1.5144761023942266,0.454342830718268,459.9648903673822,0.45996489036738225,0.9143077210856503,120.0,5.0,98.07666993101837,0.9143077210856503,0.9143077210856503,91.43077210856502,-5.684341886080802e-14
PI_ANTI_WINDUP,True,820.0,8.546274656568645,13.312036051576836,7.0,1.5462746565686452,0.4638823969705935,475.1096513913245,0.47510965139132455,0.9389920483619181,120.0,5.0,99.60441315567118,0.9389920483619181,0.9389920483619181,93.89920483619181,3.410605131648481e-13
PI_ANTI_WINDUP,True,830.0,8.573572304030268,13.409622591501854,7.0,1.573572304030268,0.4720716912090804,490.572397957011,0.490572397957011,0.9626440891660915,120.0,5.0,101.07345100815614,0.9626440891660915,0.9626440891660915,96.26440891660914,-1.9895196601282805e-12
PI_ANTI_WINDUP,True,840.0,8.59658207480322,13.500180242180534,7.0,1.5965820748032193,0.4789746224409658,506.30812099731367,0.5063081209973137,0.9852827434382795,120.0,5.0,102.48520169818586,0.9852827434382795,0.9852827434382795,98.52827434382795,-4.831690603168681e-13
PI_ANTI_WINDUP,True,850.0,8.615514741570482,13.58398310486864,7.0,1.6155147415704825,0.4846544224711447,522.2739417453458,0.5222739417453458,1.0069283642164906,120.0,5.0,103.84098879293148,1.0,1.0,100.0,1.3642420526593924e-12
PI_ANTI_WINDUP,True,860.0,8.633892678378768,13.661298947964662,7.0,1.6338926783787677,0.4901678035136303,522.2739417453458,0.5222739417453458,1.0124417452589762,120.0,5.0,105.07279103434517,1.0,1.0,100.0,1.9610979506978765e-12
PI_ANTI_WINDUP,True,870.0,8.658164405815826,13.73272100043191,7.0,1.6581644058158265,0.49744932174474793,522.2739417453458,0.5222739417453458,1.0197232634900937,120.0,5.0,106.05823282747615,1.0,1.0,100.0,1.9610979506978765e-12
PI_ANTI_WINDUP,True,880.0,8.687151165755903,13.799428020396139,7.0,1.6871511657559033,0.5061453497267709,522.2739417453458,0.5222739417453458,1.0284192914721166,120.0,5.0,106.84658626198092,1.0,1.0,100.0,-1.7621459846850485e-12
PI_ANTI_WINDUP,True,890.0,8.719909951698396,13.862363014357953,7.0,1.719909951698396,0.5159729855095188,522.2739417453458,0.5222739417453458,1.0382469272548644,120.0,5.0,107.47726900958475,1.0,1.0,100.0,1.9610979506978765e-12
PI_ANTI_WINDUP,True,900.0,8.755686358442821,13.922280387517835,7.0,1.755686358442821,0.5267059075328463,522.2739417453458,0.5222739417453458,1.048979849278192,120.0,5.0,107.9818152076678,1.0,1.0,100.0,1.9610979506978765e-12
PI_ANTI_WINDUP,True,910.0,8.79387686182879,13.979783664036171,7.0,1.7938768618287906,0.5381630585486371,522.2739417453458,0.5222739417453458,1.060437000293983,120.0,5.0,108.38545216613424,1.0,1.0,100.0,-1.7621459846850485e-12
PI_ANTI_WINDUP,True,920.0,8.833998642527998,14.03535566324127,7.0,1.8339986425279982,0.5501995927583995,522.2739417453458,0.5222739417453458,1.0724735345037453,120.0,5.0,108.70836173290739,1.0,1.0,100.0,1.9610979506978765e-12
PI_ANTI_WINDUP,True,930.0,8.875665445077795,14.089382640595781,7.0,1.8756654450777948,0.5626996335233384,522.2739417453458,0.5222739417453458,1.0849735752686842,120.0,5.0,108.96668938632591,1.0,1.0,100.0,1.9610979506978765e-12
PI_ANTI_WINDUP,True,940.0,8.918568265108062,14.14217360046982,7.0,1.9185682651080622,0.5755704795324187,522.2739417453458,0.5222739417453458,1.0978444212777645,120.0,5.0,109.17335150906072,1.0,1.0,100.0,-1.7621459846850485e-12
PI_ANTI_WINDUP,True,950.0,8.962459899122706,14.193975746359481,7.0,1.962459899122706,0.5887379697368118,522.2739417453458,0.5222739417453458,1.1110119114821577,120.0,5.0,109.33868120724858,1.0,1.0,100.0,-1.7621459846850485e-12
PI_ANTI_WINDUP,True,960.0,9.007142584324852,14.24498684106164,7.0,2.0071425843248516,0.6021427752974554,522.2739417453458,0.5222739417453458,1.1244167170428012,120.0,5.0,109.47094496579888,1.0,1.0,100.0,-1.7621459846850485e-12
PI_ANTI_WINDUP,True,970.0,9.052458110477,14.2953650948138,7.0,2.0524581104769997,0.6157374331430999,522.2739417453458,0.5222739417453458,1.1380113748884457,120.0,5.0,109.57675597263912,1.0,1.0,100.0,1.9610979506978765e-12
PI_ANTI_WINDUP,True,980.0,9.098279909389149,14.345237075805958,7.0,2.0982799093891487,0.6294839728167446,522.2739417453458,0.5222739417453458,1.1517579145620904,120.0,5.0,109.6614047781113,1.0,1.0,100.0,1.9610979506978765e-12
PI_ANTI_WINDUP,True,990.0,9.144506726509299,14.394704038590115,7.0,2.1445067265092987,0.6433520179527896,522.2739417453458,0.5222739417453458,1.1656259596981355,120.0,5.0,109.72912382248906,1.0,1.0,100.0,1.9610979506978765e-12
PI_ANTI_WINDUP,True,1000.0,9.19105755819585,14.443846986807872,7.0,2.1910575581958494,0.6573172674587547,522.2739417453458,0.5222739417453458,1.1795912092041005,120.0,5.0,109.78329905799126,1.0,1.0,100.0,1.9610979506978765e-12
PI_ANTI_WINDUP,True,1010.0,9.23786760153552,14.492730723372507,7.0,2.2378676015355197,0.6713602804606559,522.2739417453458,0.5222739417453458,1.1936342222060017,120.0,5.0,109.82663924639301,1.0,1.0,100.0,-1.7621459846850485e-12
PI_ANTI_WINDUP,True,1020.0,9.284885014197688,14.541407090614646,7.0,2.2848850141976875,0.6854655042593062,522.2739417453458,0.5222739417453458,1.207739446004652,120.0,5.0,109.86131139711442,1.0,1.0,100.0,1.9610979506978765e-12
PI_ANTI_WINDUP,True,1030.0,9.332068322317852,14.589917562398787,7.0,2.332068322317852,0.6996204966953555,522.2739417453458,0.5222739417453458,1.2218944384407013,120.0,5.0,109.88904911769153,1.0,1.0,100.0,-1.7621459846850485e-12
PI_ANTI_WINDUP,True,1040.0,9.379384346804414,14.638295317816532,7.0,2.3793843468044145,0.7138153040413243,522.2739417453458,0.5222739417453458,1.2360892457866701,120.0,5.0,109.91123929415323,1.0,1.0,100.0,1.9610979506978765e-12
PI_ANTI_WINDUP,True,1050.0,9.426806544384094,14.686566900141157,7.0,2.4268065443840943,0.7280419633152283,522.2739417453458,0.5222739417453458,1.250315905060574,120.0,5.0,109.9289914353226,1.0,1.0,100.0,-1.7621459846850485e-12
PI_ANTI_WINDUP,True,1060.0,9.47431368043827,14.734753543991289,7.0,2.4743136804382697,0.7422941041314809,522.2739417453458,0.5222739417453458,1.2645680458768267,120.0,5.0,109.94319314825809,1.0,1.0,100.0,1.9610979506978765e-12
PI_ANTI_WINDUP,True,1070.0,9.52188876727204,14.782872237061824,7.0,2.5218887672720403,0.7565666301816121,522.2739417453458,0.5222739417453458,1.278840571926958,120.0,5.0,109.95455451860647,1.0,1.0,100.0,-1.7621459846850485e-12
PI_ANTI_WINDUP,True,1080.0,9.569518214729488,14.830936569508683,7.0,2.569518214729488,0.7708554644188463,522.2739417453458,0.5222739417453458,1.293129406164192,120.0,5.0,109.96364361488517,1.0,1.0,100.0,1.9610979506978765e-12
PI_ANTI_WINDUP,True,1090.0,9.617191150685876,14.8789574134566,7.0,2.6171911506858763,0.7851573452057629,522.2739417453458,0.5222739417453458,1.3074312869511087,120.0,5.0,109.97091489190812,1.0,1.0,100.0,-1.7621459846850485e-12
PI_ANTI_WINDUP,True,1100.0,9.664898877441418,14.926943466605366,7.0,2.664898877441418,0.7994696632324254,522.2739417453458,0.5222739417453458,1.321743604977771,120.0,5.0,109.97673191352649,1.0,1.0,100.0,1.9610979506978765e-12
PI_ANTI_WINDUP,True,1110.0,9.712634436836282,14.974901687114809,7.0,2.7126344368362822,0.8137903310508846,522.2739417453458,0.5222739417453458,1.3360642727962304,120.0,5.0,109.9813855308212,1.0,1.0,100.0,1.9610979506978765e-12
PI_ANTI_WINDUP,True,1120.0,9.760392262342604,15.022837641512794,7.0,2.760392262342604,0.8281176787027812,522.2739417453458,0.5222739417453458,1.350391620448127,120.0,5.0,109.98510842465696,1.0,1.0,100.0,1.9610979506978765e-12
PI_ANTI_WINDUP,True,1130.0,9.808167900738091,15.070755783021612,7.0,2.8081679007380913,0.8424503702214273,522.2739417453458,0.5222739417453458,1.3647243119667731,120.0,5.0,109.98808673972557,1.0,1.0,100.0,-1.7621459846850485e-12
PI_ANTI_WINDUP,True,1140.0,9.855957789444913,15.118659674219098,7.0,2.855957789444913,0.8567873368334739,522.2739417453458,0.5222739417453458,1.3790612785788197,120.0,5.0,109.99046939178045,1.0,1.0,100.0,1.9610979506978765e-12
PI_ANTI_WINDUP,True,1150.0,9.9037590784008,15.166552165167516,7.0,2.9037590784007996,0.8711277235202398,522.2739417453458,0.5222739417453458,1.3934016652655856,120.0,5.0,109.99237551342438,1.0,1.0,100.0,-1.7621459846850485e-12
PI_ANTI_WINDUP,True,1160.0,9.95156948755594,15.214435535916682,7.0,2.9515694875559397,0.8854708462667819,522.2739417453458,0.5222739417453458,1.4077447880121277,120.0,5.0,109.9939004107395,1.0,1.0,100.0,-1.7621459846850485e-12
PI_ANTI_WINDUP,True,1170.0,9.999387192870483,15.262311610506444,7.0,2.9993871928704827,0.8998161578611448,522.2739417453458,0.5222739417453458,1.4220900996064905,120.0,5.0,109.99512032859158,1.0,1.0,100.0,-1.7621459846850485e-12
PI_ANTI_WINDUP,True,1180.0,10.047210735112548,15.310181848168686,7.0,3.0472107351125484,0.9141632205337644,522.2739417453458,0.5222739417453458,1.4364371622791103,120.0,5.0,109.99609626287327,1.0,1.0,100.0,1.9610979506978765e-12
PI_ANTI_WINDUP,True,1190.0,10.095038946896631,15.35804741628891,7.0,3.095038946896631,0.9285116840689893,522.2739417453458,0.5222739417453458,1.4507856258143352,120.0,5.0,109.99687701029862,1.0,1.0,100.0,1.9610979506978765e-12
PI_ANTI_WINDUP,True,1200.0,10.142870894314328,15.405909248775519,7.0,3.1428708943143278,0.9428612682942983,522.2739417453458,0.5222739417453458,1.465135210039644,30.0,5.0,109.99750160823888,1.0,1.0,100.0,-1.7621459846850485e-12
PI_ANTI_WINDUP,True,1210.0,10.190705830238915,15.023146083185859,7.0,3.1907058302389153,0.9572117490716745,522.2739417453458,0.5222739417453458,1.4794856908170204,30.0,5.0,100.9980012865911,1.0,1.0,100.0,-1.3642420526593924e-12
PI_ANTI_WINDUP,True,1220.0,10.195480956012078,14.683442727747623,7.0,3.1954809560120783,0.9586442868036235,522.2739417453458,0.5222739417453458,1.4809182285489693,30.0,5.0,93.79840102927288,1.0,1.0,100.0,-1.2505552149377763e-12
PI_ANTI_WINDUP,True,1230.0,10.165808233664102,14.378187220430528,7.0,3.1658082336641016,0.9497424700992304,522.2739417453458,0.5222739417453458,1.4720164118445762,30.0,5.0,88.0387208234183,1.0,1.0,100.0,-1.3642420526593924e-12
PI_ANTI_WINDUP,True,1240.0,10.108577232819213,14.100489991610344,7.0,3.108577232819213,0.9325731698457639,522.2739417453458,0.5222739417453458,1.4548471115911097,30.0,5.0,83.43097665873462,1.0,1.0,100.0,-1.3642420526593924e-12
PI_ANTI_WINDUP,True,1250.0,10.029299609176794,13.84483938558769,7.0,3.0292996091767943,0.9087898827530383,522.2739417453458,0.5222739417453458,1.4310638244983842,30.0,5.0,79.74478132698772,1.0,1.0,100.0,-1.3642420526593924e-12
PI_ANTI_WINDUP,True,1260.0,9.932384687296352,13.60682607780306,7.0,2.932384687296352,0.8797154061889056,522.2739417453458,0.5222739417453458,1.4019893479342516,30.0,5.0,76.79582506159018,1.0,1.0,100.0,-1.3642420526593924e-12
PI_ANTI_WINDUP,True,1270.0,9.821359926825492,13.38292260860885,7.0,2.821359926825492,0.8464079780476476,522.2739417453458,0.5222739417453458,1.3686819197929934,30.0,5.0,74.43666004927216,1.0,1.0,100.0,2.3874235921539366e-12
PI_ANTI_WINDUP,True,1280.0,9.699047295482297,13.170307010286972,7.0,2.6990472954822966,0.8097141886446889,522.2739417453458,0.5222739417453458,1.3319881303900347,30.0,5.0,72.54932803941772,1.0,1.0,100.0,-1.3642420526593924e-12
PI_ANTI_WINDUP,True,1290.0,9.567704367441234,12.966721708662964,7.0,2.567704367441234,0.7703113102323701,522.2739417453458,0.5222739417453458,1.292585251977716,30.0,5.0,71.03946243153416,1.0,1.0,100.0,2.3874235921539366e-12
PI_ANTI_WINDUP,True,1300.0,9.429137202041876,12.77036064439725,7.0,2.4291372020418756,0.7287411606125627,522.2739417453458,0.5222739417453458,1.2510151023579086,30.0,5.0,69.83156994522733,1.0,1.0,100.0,-1.3642420526593924e-12
PI_ANTI_WINDUP,True,1310.0,9.284790646755882,12.579778970018172,7.0,2.284790646755882,0.6854371940267645,522.2739417453458,0.5222739417453458,1.2077111357721102,30.0,5.0,68.86525595618185,1.0,1.0,100.0,-1.3642420526593924e-12
PI_ANTI_WINDUP,True,1320.0,9.13582057956058,12.393820807548401,7.0,2.13582057956058,0.6407461738681739,522.2739417453458,0.5222739417453458,1.1630201156135196,30.0,5.0,68.09220476494546,1.0,1.0,100.0,-1.3642420526593924e-12
PI_ANTI_WINDUP,True,1330.0,8.98315170283783,12.211561454606079,7.0,1.98315170283783,0.594945510851349,522.2739417453458,0.5222739417453458,1.1172194525966948,30.0,5.0,67.47376381195639,1.0,1.0,100.0,-1.3642420526593924e-12
PI_ANTI_WINDUP,True,1340.0,8.827523778493124,12.032261149285713,7.0,1.8275237784931235,0.548257133547937,522.2739417453458,0.5222739417453458,1.0705310752932828,30.0,5.0,66.97901104956512,1.0,1.0,100.0,-1.3642420526593924e-12
PI_ANTI_WINDUP,True,1350.0,8.669528616050851,11.855328082062913,7.0,1.669528616050851,0.5008585848152552,522.2739417453458,0.5222739417453458,1.023132526560601,30.0,5.0,66.58320883965209,1.0,1.0,100.0,-1.3642420526593924e-12
PI_ANTI_WINDUP,True,1360.0,8.509639663130526,11.680288805318167,7.0,1.5096396631305264,0.45289189893915793,522.2739417453458,0.5222739417453458,0.9751658406845037,30.0,5.0,66.26656707172168,0.9751658406845037,0.9751658406845037,97.51658406845037,2.3874235921539366e-12
PI_ANTI_WINDUP,True,1370.0,8.360118050705987,11.506764560955862,7.0,1.360118050705987,0.40803541521179604,537.3703383766511,0.5373703383766512,0.9454057535884473,30.0,5.0,65.76491206422239,0.9454057535884473,0.9454057535884473,94.54057535884472,-1.5916157281026244e-12
PI_ANTI_WINDUP,True,1380.0,8.222435451210186,11.335640579787334,7.0,1.2224354512101865,0.36673063536305595,550.971518883711,0.5509715188837111,0.917702154246767,30.0,5.0,65.06598718726238,0.917702154246767,0.917702154246767,91.7702154246767,2.0463630789890885e-12
PI_ANTI_WINDUP,True,1390.0,8.094664024236913,11.167860736786078,7.0,1.0946640242369128,0.3283992072710738,563.1958733958129,0.5631958733958129,0.8915950806668866,30.0,5.0,64.22981129227756,0.8915950806668866,0.8915950806668866,89.15950806668866,4.547473508864641e-13
PI_ANTI_WINDUP,True,1400.0,7.975383178426333,11.004081735387622,7.0,0.9753831784263332,0.29261495352789996,574.142513638182,0.574142513638182,0.866757467166082,30.0,5.0,63.299799840490934,0.866757467166082,0.866757467166082,86.6757467166082,1.4779288903810084e-12
PI_ANTI_WINDUP,True,1410.0,7.863536542655437,10.844752549547952,7.0,0.8635365426554369,0.25906096279663104,583.8963454224453,0.5838963454224453,0.8429573082190763,30.0,5.0,62.30741454405356,0.8429573082190763,0.8429573082190763,84.29573082190764,-2.1600499167107046e-12
PI_ANTI_WINDUP,True,1420.0,7.7583292877374745,10.69017161871516,7.0,0.7583292877374745,0.22749878632124235,592.5317108489996,0.5925317108489997,0.820030497170242,30.0,5.0,61.27550471743363,0.820030497170242,0.820030497170242,82.0030497170242,9.094947017729282e-13
PI_ANTI_WINDUP,True,1430.0,7.659154431280103,10.540528055473851,7.0,0.6591544312801032,0.19774632938403094,600.1150037263744,0.6001150037263744,0.7978613331104053,30.0,5.0,60.22070874564933,0.7978613331104053,0.7978613331104053,79.78613331104053,2.2737367544323206e-13
PI_ANTI_WINDUP,True,1440.0,7.565539959675361,10.395931362910936,7.0,0.5655399596753607,0.16966198790260822,606.7065480391755,0.6067065480391755,0.7763685359417837,30.0,5.0,59.15518032762352,0.7763685359417837,0.7763685359417837,77.63685359417836,4.547473508864641e-13
PI_ANTI_WINDUP,True,1450.0,7.4771109009837105,10.256432892443838,7.0,0.47711090098371045,0.14313327029511314,612.361947635929,0.612361947635929,0.7554952179310421,30.0,5.0,58.08782962151667,0.7554952179310421,0.7554952179310421,75.54952179310422,5.684341886080802e-14
PI_ANTI_WINDUP,True,1460.0,7.393562134612478,10.122041363154285,7.0,0.3935621346124778,0.11806864038374333,617.1330566457661,0.6171330566457661,0.7352016970295094,30.0,5.0,57.02521587652376,0.7352016970295094,0.7352016970295094,73.52016970295094,-6.821210263296962e-13
PI_ANTI_WINDUP,True,1470.0,7.314638910562587,9.992734110156563,7.0,0.31463891056258664,0.09439167316877599,621.0686779918909,0.6210686779918909,0.7154603511606669,30.0,5.0,55.97218967151411,0.7154603511606669,0.7154603511606669,71.54603511606669,-5.684341886080801e-13
PI_ANTI_WINDUP,True,1480.0,7.240122903650851,9.868465260053625,7.0,0.24012290365085143,0.07203687109525543,624.2150670975168,0.6242150670975168,0.6962519381927723,30.0,5.0,54.93235524881797,0.6962519381927723,0.6962519381927723,69.62519381927723,-2.8421709430404007e-13
PI_ANTI_WINDUP,True,1490.0,7.1698222406343,9.749171694269807,7.0,0.16982224063429996,0.050946672190289984,626.6162961340253,0.6266162961340254,0.6775629683243154,30.0,5.0,53.90840358098208,0.6775629683243154,0.6775629683243154,67.75629683243154,-1.4779288903810084e-12
PI_ANTI_WINDUP,True,1500.0,7.103564378187174,9.634777418762715,7.0,0.10356437818717357,0.03106931345615207,628.3145185403683,0.6283145185403683,0.6593838319965204,30.0,5.0,52.90235254802881,0.6593838319965204,0.6593838319965204,65.93838319965204,-3.410605131648481e-13
PI_ANTI_WINDUP,True,1510.0,7.041191025787063,9.52519678456162,7.0,0.041191025787062685,0.012357307736118804,629.3501623222401,0.6293501623222401,0.6417074700583588,30.0,5.0,51.91572035838825,0.6417074700583588,0.6417074700583588,64.17074700583588,1.0231815394945443e-12
PI_ANTI_WINDUP,True,1520.0,6.98255453465095,9.420336878540624,7.0,-0.017445465349050338,-0.005233639604715101,629.7620725801107,0.6297620725801107,0.6245284329753956,30.0,5.0,50.94965098729419,0.6245284329753956,0.6245284329753956,62.45284329753956,3.979039320256561e-13
PI_ANTI_WINDUP,True,1530.0,6.927515336994273,9.320099314008116,7.0,-0.07248466300572698,-0.02174539890171809,629.5876179266202,0.6295876179266202,0.6078422190249021,30.0,5.0,50.00500511958932,0.6078422190249021,0.6078422190249021,60.78422190249021,2.2737367544323206e-13
PI_ANTI_WINDUP,True,1540.0,6.875940137076087,9.224381586163192,7.0,-0.12405986292391269,-0.03721795887717381,628.8627712965629,0.6288627712965629,0.591644812419389,30.0,5.0,49.082426285920484,0.591644812419389,0.591644812419389,59.1644812419389,1.9895196601282805e-12
PI_ANTI_WINDUP,True,1550.0,6.82770063967887,9.13307811111094,7.0,-0.17229936032113002,-0.051689808096339,627.6221726673238,0.6276221726673238,0.5759323645709847,30.0,5.0,48.18238915293026,0.5759323645709847,0.5759323645709847,57.59323645709847,-1.1368683772161603e-12
PI_ANTI_WINDUP,True,1560.0,6.782672662146965,9.046081033824192,7.0,-0.21732733785303537,-0.0651982013559106,625.8991790641124,0.6258991790641124,0.5607009777082018,30.0,5.0,47.30523496805406,0.5607009777082018,0.5607009777082018,56.07009777082018,-5.684341886080801e-13
PI_ANTI_WINDUP,True,1570.0,6.740735519549998,8.963280866512928,7.0,-0.2592644804500024,-0.07777934413500072,623.7259056855821,0.6237259056855822,0.5459465615505814,30.0,5.0,46.45119775152525,0.5459465615505814,0.5459465615505814,54.59465615505814,-1.3073986337985843e-12
PI_ANTI_WINDUP,True,1580.0,6.70177160374362,8.884567001673094,7.0,-0.29822839625637965,-0.08946851887691389,621.1332608810822,0.6211332608810821,0.5316647420041682,30.0,5.0,45.620423816726,0.5316647420041682,0.5316647420041682,53.16647420041682,-1.1368683772161603e-13
PI_ANTI_WINDUP,True,1590.0,6.665666099515435,8.809828131736607,7.0,-0.3343339004845651,-0.10030017014536953,618.1509769185184,0.6181509769185184,0.5178508067731489,30.0,5.0,44.81298647342249,0.5178508067731489,0.5178508067731489,51.78508067731489,2.1884716261411086e-12
PI_ANTI_WINDUP,True,1600.0,6.632306797104467,8.738952598370949,7.0,-0.3676932028955333,-0.11030796086865999,614.8076379136727,0.6148076379136727,0.5044996770450126,30.0,5.0,44.02889724646947,0.5044996770450126,0.5044996770450126,50.44996770450126,-5.400124791776761e-13
PI_ANTI_WINDUP,True,1610.0,6.60158397194642,8.67182868810076,7.0,-0.39841602805358,-0.11952480841607399,611.1307058847174,0.6111307058847174,0.4916058974686434,30.0,5.0,43.2681145676257,0.4916058974686434,0.4916058974686434,49.16058974686434,8.810729923425242e-13
PI_ANTI_WINDUP,True,1620.0,6.573390310801737,8.608344886341785,7.0,-0.4266096891982629,-0.12798290675947888,607.1465456041816,0.6071465456041816,0.4791636388447027,30.0,5.0,42.53055062878699,0.4791636388447027,0.4791636388447027,47.91636388447027,-2.4442670110147446e-12
PI_ANTI_WINDUP,True,1630.0,6.547620869386985,8.548390098644239,7.0,-0.45237913061301516,-0.13571373918390453,602.8804487121989,0.6028804487121989,0.4671667095282944,30.0,5.0,41.816076891476605,0.4671667095282944,0.4671667095282944,46.71667095282944,5.684341886080802e-14
PI_ANTI_WINDUP,True,1640.0,6.524173050911612,8.491853845574973,7.0,-0.47582694908838796,-0.14274808472651637,598.3566574060687,0.5983566574060687,0.45560857267955235,30.0,5.0,41.12452860846423,0.45560857267955235,0.45560857267955235,45.560857267955235,-1.4495071809506044e-12
PI_ANTI_WINDUP,True,1650.0,6.502946597995387,8.438626435965096,7.0,-0.4970534020046129,-0.14911602060138388,593.5983879151848,0.5935983879151848,0.444482367313801,30.0,5.0,40.45570861356692,0.444482367313801,0.444482367313801,44.4482367313801,6.252776074688882e-13
PI_ANTI_WINDUP,True,1660.0,6.483843592646998,8.388599122024585,7.0,-0.5161564073530016,-0.1548469222059005,588.6278538951387,0.5886278538951387,0.43378093168923826,30.0,5.0,39.80939056399156,0.43378093168923826,0.43378093168923826,43.378093168923826,6.821210263296962e-13
PI_ANTI_WINDUP,True,1670.0,6.466768460565983,8.341664238943286,7.0,-0.5332315394340172,-0.15996946183020516,583.4662898216087,0.5834662898216088,0.4234968279914036,30.0,5.0,39.18532176808564,0.4234968279914036,0.4234968279914036,42.34968279914036,6.821210263296962e-13
PI_ANTI_WINDUP,True,1680.0,6.451627977163807,8.297715330962015,7.0,-0.548372022836193,-0.1645116068508579,578.1339744272685,0.5781339744272685,0.4136223675764107,30.0,5.0,38.58322569438255,0.4136223675764107,0.4136223675764107,41.36223675764107,-1.4210854715202004e-14
PI_ANTI_WINDUP,True,1690.0,6.438331273511852,8.256647265438653,7.0,-0.5616687264881479,-0.16850061794644436,572.6502541989066,0.5726502541989066,0.40414963625246225,30.0,5.0,38.00280423127015,0.40414963625246225,0.40414963625246225,40.41496362524622,-1.5063505998114124e-12
PI_ANTI_WINDUP,True,1700.0,6.42678984100479,8.218356336102433,7.0,-0.5732101589952103,-0.1719630476985631,567.0335669340251,0.5670335669340251,0.395070519235462,30.0,5.0,37.44373974754074,0.395070519235462,0.395070519235462,39.5070519235462,1.2505552149377763e-12
PI_ANTI_WINDUP,True,1710.0,6.416917533942563,8.182740356449129,7.0,-0.5830824660574372,-0.17492473981723114,561.301465344073,0.561301465344073,0.3863767255268419,30.0,5.0,36.90569699038723,0.3863767255268419,0.3863767255268419,38.63767255268419,2.0747847884194925e-12
PI_ANTI_WINDUP,True,1720.0,6.408630569529659,8.149698744054932,7.0,-0.5913694304703414,-0.17741082914110243,555.4706406834986,0.5554706406834986,0.3780598115423962,30.0,5.0,36.38832484757822,0.3780598115423962,0.3780598115423962,37.80598115423962,1.2363443602225743e-12
PI_ANTI_WINDUP,True,1730.0,6.4018475250001785,8.119132596458865,7.0,-0.5981524749998215,-0.17944574249994644,549.5569463787951,0.5495569463787952,0.3701112038788487,30.0,5.0,35.89125799348655,0.3701112038788487,0.3701112038788487,37.01112038788487,2.2737367544323206e-12
PI_ANTI_WINDUP,True,1740.0,6.396489331725546,8.090944759169457,7.0,-0.6035106682744544,-0.18105320048233634,543.5754216287969,0.5435754216287969,0.3625222211464606,30.0,5.0,35.414118433577734,0.3625222211464606,0.3625222211464606,36.25222211464606,2.2595258997171186e-12
PI_ANTI_WINDUP,True,1750.0,6.392479266265888,8.065039886281525,7.0,-0.6075207337341118,-0.18225622012023351,537.5403149460524,0.5375403149460524,0.35528409482581885,30.0,5.0,34.95651695832681,0.35528409482581885,0.35528409482581885,35.528409482581885,1.3500311979441904e-13
PI_ANTI_WINDUP,True,1760.0,6.389742938398639,8.04132449413642,7.0,-0.6102570616013612,-0.18307711848040834,531.4651076087113,0.5314651076087112,0.34838798912830293,30.0,5.0,34.518054514919626,0.34838798912830293,0.34838798912830293,34.83879891283029,-1.8545165403338615e-12
PI_ANTI_WINDUP,True,1770.0,6.388208276207679,8.019707008419102,7.0,-0.6117917237923214,-0.18353751713769642,525.3625369926976,0.5253625369926976,0.34182501985500124,30.0,5.0,34.09832350321875,0.34182501985500124,0.34182501985500124,34.182501985500124,1.6271428648906294e-12
PI_ANTI_WINDUP,True,1780.0,6.387805508349873,8.00009780505442,7.0,-0.6121944916501274,-0.1836583474950382,519.2446197547745,0.5192446197547745,0.33558627225973636,30.0,5.0,33.696909001125036,0.33558627225973636,0.33558627225973636,33.55862722597364,4.192202140984591e-13
PI_ANTI_WINDUP,True,1790.0,6.388467143637678,7.982409245240424,7.0,-0.6115328563623219,-0.18345985690869657,513.1226748382732,0.5131226748382731,0.3296628179295765,30.0,5.0,33.31338992349739,0.3296628179295765,0.3296628179295765,32.96628179295765,-1.2576606422953773e-12
PI_ANTI_WINDUP,True,1800.0,6.390127948090021,7.966555704936609,7.0,-0.6098720519099787,-0.18296161557299362,507.00734627464993,0.5070073462746499,0.3240457307016563,30.0,5.0,32.947340118093685,0.3240457307016563,0.3240457307016563,32.40457307016563,5.897504706808832e-13
PI_ANTI_WINDUP,True,1810.0,6.392724919611208,7.952453599108409,7.0,-0.6072750803887921,-0.18218252411663763,500.90862575555013,0.5009086257555502,0.3187261016389126,30.0,5.0,32.598329401491505,0.3187261016389126,0.3187261016389126,31.872610163891256,-1.1901590823981678e-12
PI_ANTI_WINDUP,True,1820.0,6.39619726046097,7.940021401015149,7.0,-0.60380273953903,-0.181140821861709,494.8358749516622,0.4948358749516622,0.3136950530899532,30.0,5.0,32.265924537582336,0.3136950530899532,0.3136950530899532,31.369505308995322,1.0125233984581428e-12
PI_ANTI_WINDUP,True,1830.0,6.40048634767909,7.92917965681619,7.0,-0.5995136523209101,-0.17985409569627303,488.7978475562719,0.4887978475562719,0.3089437518599989,30.0,5.0,31.949690160965396,0.3089437518599989,0.3089437518599989,30.89437518599989,2.682298827494378e-13
PI_ANTI_WINDUP,True,1840.0,6.4055357016262935,7.91985099575894,7.0,-0.5944642983737065,-0.17833928951211195,482.8027110330628,0.4828027110330628,0.30446342152095085,30.0,5.0,31.6491896473723,0.30446342152095085,0.30446342152095085,30.446342152095085,4.884981308350689e-13
PI_ANTI_WINDUP,True,1850.0,6.4112909527998685,7.911960136202135,7.0,-0.5887090472001315,-0.17661271416003946,476.8580680493257,0.47685806804932573,0.3002453538892863,30.0,5.0,31.363985933107358,0.3002453538892863,0.3002453538892863,30.02453538892863,1.1546319456101628e-13
PI_ANTI_WINDUP,True,1860.0,6.417699807078235,7.905433887718368,7.0,-0.5823001929217648,-0.17469005787652944,470.9709775773244,0.4709709775773244,0.29628091970079495,30.0,5.0,31.093642285378767,0.29628091970079495,0.29628091970079495,29.628091970079495,-2.1313506515241443e-13
PI_ANTI_WINDUP,True,1870.0,6.424712009543782,7.9002011495108135,7.0,-0.5752879904562178,-0.17258639713686533,465.14797564810675,0.4651479756481068,0.2925615785112414,30.0,5.0,30.837723025310954,0.2925615785112414,0.2925615785112414,29.256157851124144,1.4166445794216997e-13
PI_ANTI_WINDUP,True,1880.0,6.43227930702793,7.89619290537057,7.0,-0.5677206929720704,-0.1703162078916211,459.3950957435446,0.4593950957435446,0.2890788878519235,30.0,5.0,30.595794205361177,0.2890788878519235,0.2890788878519235,28.90788878519235,-2.7533531010703882e-14
PI_ANTI_WINDUP,True,1890.0,6.440355409516775,7.8933422153927655,7.0,-0.5596445904832246,-0.16789337714496735,453.7178888138239,0.4537178888138239,0.2858245116688566,30.0,5.0,30.36742424280819,0.2858245116688566,0.2858245116688566,28.582451166885658,3.907985046680551e-13
PI_ANTI_WINDUP,True,1900.0,6.448895950549898,7.891584204661626,7.0,-0.5511040494501023,-0.1653312148350307,448.12144290899164,0.44812144290899164,0.2827902280739609,30.0,5.0,30.152184510935125,0.2827902280739609,0.2827902280739609,28.279022807396093,1.170619157164765e-12
PI_ANTI_WINDUP,True,1910.0,6.457858446739079,7.890856049106913,7.0,-0.5421415532609206,-0.16264246597827617,442.61040241449064,0.4426104024144906,0.2799679364362144,30.0,5.0,29.949649889487713,0.2799679364362144,0.2799679364362144,27.996793643621444,-8.704148513061227e-13
PI_ANTI_WINDUP,True,1920.0,6.467202256527913,7.891096958726589,7.0,-0.532797743472087,-0.1598393230416261,437.1889868818814,0.4371889868818814,0.2773496638402553,30.0,5.0,29.759399275952322,0.2773496638402553,0.2773496638402553,27.734966384025526,1.5987211554602254e-13
PI_ANTI_WINDUP,True,1930.0,6.476888538307467,7.892248158363181,7.0,-0.5231114616925332,-0.15693343850775995,431.86100944716054,0.43186100944716055,0.27492757093940057,30.0,5.0,29.58101605916442,0.27492757093940057,0.27492757093940057,27.492757093940057,-4.369837824924616e-13
PI_ANTI_WINDUP,True,1940.0,6.486880207997536,7.894252866214068,7.0,-0.5131197920024642,-0.15393593760073923,426.62989483023523,0.4266298948302352,0.27269395722949596,30.0,5.0,29.414088556725527,0.27269395722949596,0.27269395722949596,27.269395722949596,-1.0658141036401503e-13
PI_ANTI_WINDUP,True,1950.0,6.49714189619742,7.897056270248874,7.0,-0.5028581038025797,-0.1508574311407739,421.4986969102106,0.4214986969102106,0.2706412657694367,30.0,5.0,29.25821041767538,0.2706412657694367,0.2706412657694367,27.06412657694367,-1.4956924587750109e-12
PI_ANTI_WINDUP,True,1960.0,6.507639905004749,7.900605502700188,7.0,-0.49236009499525135,-0.1477080284985754,416.4701158721848,0.4164701158721848,0.2687620873736094,30.0,5.0,29.112980991834675,0.2687620873736094,0.2687620873736094,26.87620873736094,-1.3073986337985843e-12
PI_ANTI_WINDUP,True,1970.0,6.518342164595532,7.904849612787103,7.0,-0.4816578354044676,-0.14449735062134028,411.5465149222323,0.4115465149222323,0.26704916430089204,30.0,5.0,28.97800566720383,0.26704916430089204,0.26704916430089204,26.704916430089202,8.242295734817162e-13
PI_ANTI_WINDUP,True,1980.0,6.5292181896534975,7.9097395378244055,7.0,-0.47078181034650246,-0.14123454310395073,406.7299365681876,0.4067299365681876,0.2654953934642369,30.0,5.0,28.852896176771974,0.2654953934642369,0.2654953934642369,26.54953934642369,8.384404281969182e-13
PI_ANTI_WINDUP,True,1990.0,6.540239035731719,7.9152280728637745,7.0,-0.4597609642682814,-0.13792828928048442,402.0221184647226,0.40202211846472263,0.2640938291842382,30.0,5.0,28.737270876059966,0.2640938291842382,0.2640938291842382,26.40938291842382,7.105427357601002e-14
PI_ANTI_WINDUP,True,2000.0,6.551377255624715,7.921269839007028,7.0,-0.44862274437528527,-0.13458682331258556,397.4245088220398,0.3974245088220398,0.2628376855094542,30.0,5.0,28.630754992690346,0.2628376855094542,0.2628376855094542,26.283768550945418,-1.5631940186722204e-13
PI_ANTI_WINDUP,True,2010.0,6.562606855824451,7.927821250525256,7.0,-0.437393144175549,-0.1312179432526647,392.93828137828694,0.39293828137828696,0.26172033812562223,30.0,5.0,28.53298084924683,0.26172033812562223,0.26172033812562223,26.172033812562223,2.8421709430404007e-13
PI_ANTI_WINDUP,True,2020.0,6.573903253129162,7.934840480911635,7.0,-0.4260967468708383,-0.1278290240612515,388.56434993653147,0.3885643499365315,0.26073532587528003,30.0,5.0,28.443588060653695,0.26073532587528003,0.26073532587528003,26.073532587528003,-4.476419235288631e-13
PI_ANTI_WINDUP,True,2030.0,6.585243231469476,7.942287427989847,7.0,-0.41475676853052423,-0.12442703055915727,384.3033824678231,0.3843033824678231,0.2598763519086658,30.0,5.0,28.362223707275767,0.2598763519086658,0.2598763519086658,25.98763519086658,-1.6342482922482304e-13
PI_ANTI_WINDUP,True,2040.0,6.596604899012103,7.950123678194269,7.0,-0.4033951009878969,-0.12101853029636905,380.15581478251784,0.38015581478251786,0.2591372844861488,30.0,5.0,28.28854248490727,0.2591372844861488,0.2591372844861488,25.913728448614883,-1.4708234630234074e-12
PI_ANTI_WINDUP,True,2050.0,6.607967645597234,7.958312470132512,7.0,-0.3920323544027662,-0.11760970632082984,376.12186377263885,0.37612186377263884,0.258512157451809,30.0,5.0,28.222206832787307,0.258512157451809,0.258512157451809,25.8512157451809,-9.237055564881302e-13
PI_ANTI_WINDUP,True,2060.0,6.619312100561857,7.966818657535444,7.0,-0.38068789943814263,-0.11420636983144278,372.2015402286112,0.3722015402286112,0.2579951703971684,30.0,5.0,28.162887040747954,0.2579951703971684,0.2579951703971684,25.79951703971684,4.263256414560601e-14
PI_ANTI_WINDUP,True,2070.0,6.630620090997413,7.975608671694545,7.0,-0.3693799090025873,-0.1108139727007762,368.3946612342298,0.36839466123422976,0.25758068853345356,30.0,5.0,28.11026133657006,0.25758068853345356,0.25758068853345356,25.758068853345357,-2.3447910280083306e-13
PI_ANTI_WINDUP,True,2080.0,6.641874600486526,7.984650483481291,7.0,-0.3581253995134741,-0.10743761985404222,364.7008621442039,0.3647008621442039,0.2572632422901617,30.0,5.0,28.064015954590584,0.2572632422901617,0.2572632422901617,25.726324229016168,-4.121147867408581e-13
PI_ANTI_WINDUP,True,2090.0,6.653059728360088,7.993913565038274,7.0,-0.34694027163991237,-0.1040820814919737,361.11960814906917,0.3611196081490692,0.25703752665709545,30.0,5.0,28.023845186574093,0.25703752665709545,0.25703752665709545,25.703752665709544,5.755396159656812e-13
PI_ANTI_WINDUP,True,2100.0,6.664160649512549,8.003368851226915,7.0,-0.3358393504874506,-0.10075180514623518,357.65020543267,0.35765020543267,0.25689840028643485,30.0,5.0,27.989451415830235,0.25689840028643485,0.25689840028643485,25.689840028643484,-2.7711166694643907e-13
PI_ANTI_WINDUP,True,2110.0,6.675163574810093,8.012988700911938,7.0,-0.32483642518990674,-0.09745092755697202,354.2918119277955,0.3542918119277955,0.25684088437082353,30.0,5.0,27.96054513552856,0.25684088437082353,0.25684088437082353,25.68408843708235,6.465938895416912e-13
PI_ANTI_WINDUP,True,2120.0,6.686055712123233,8.022746858158213,7.0,-0.3139442878767671,-0.09418328636303012,351.0434476758964,0.3510434476758964,0.25686016131286626,30.0,5.0,27.936844952131075,0.25686016131286626,0.25686016131286626,25.686016131286628,-1.1652900866465643e-12
PI_ANTI_WINDUP,True,2130.0,6.6968252280124405,8.032618413411175,7.0,-0.3031747719875595,-0.09095243159626784,347.9040047971287,0.34790400479712874,0.2569515732008609,30.0,5.0,27.918077574833546,0.2569515732008609,0.2569515732008609,25.695157320086093,1.2505552149377763e-12
PI_ANTI_WINDUP,True,2140.0,6.707461210092572,8.04257976472776,7.0,-0.2925387899074279,-0.08776163697222836,344.87225707725315,0.34487225707725316,0.25711062010502483,30.0,5.0,27.903977791875427,0.25711062010502483,0.25711062010502483,25.711062010502484,-8.029132914089132e-13
PI_ANTI_WINDUP,True,2150.0,6.717953630099141,8.052608579120701,7.0,-0.28204636990085863,-0.08461391097025758,341.9468691781789,0.3419468691781789,0.25733295820792135,30.0,5.0,27.894288434550592,0.25733295820792135,0.25733295820792135,25.733295820792137,8.171241461241152e-13
PI_ANTI_WINDUP,True,2160.0,6.728293307676933,8.062683754075005,7.0,-0.2717066923230673,-0.0815120076969202,339.1264054791703,0.3391264054791703,0.2576143977822501,30.0,5.0,27.88876032971971,0.2576143977822501,0.2576143977822501,25.76143977822501,5.329070518200751e-13
PI_ANTI_WINDUP,True,2170.0,6.7384718749089645,8.072785379291657,7.0,-0.2615281250910355,-0.07845843752731065,336.4093385559396,0.33640933855593963,0.257950901028629,30.0,5.0,27.887152241598276,0.257950901028629,0.257950901028629,25.7950901028629,3.552713678800501e-14
PI_ANTI_WINDUP,True,2180.0,6.748481741601478,8.082894698709847,7.0,-0.25151825839852204,-0.07545547751955661,333.79405730502924,0.33379405730502926,0.25833857978547264,30.0,5.0,27.88923080356491,0.25833857978547264,0.25833857978547264,25.833857978547265,-1.5845103007450234e-12
PI_ANTI_WINDUP,True,2190.0,6.758316061338404,8.09299407285547,7.0,-0.24168393866159565,-0.0725051815984787,331.278874721044,0.331278874721044,0.2587736931225653,30.0,5.0,27.894770440706672,0.2587736931225653,0.2587736931225653,25.877369312256533,1.3500311979441904e-12
PI_ANTI_WINDUP,True,2200.0,6.7679686983166345,8.103066941560224,7.0,-0.2320313016833655,-0.06960939050500965,328.86203533442807,0.3288620353344281,0.25925264482941845,30.0,5.0,27.903553283791013,0.25925264482941845,0.25925264482941845,25.925264482941845,1.2647660696529783e-12
PI_ANTI_WINDUP,True,2210.0,6.777434194971415,8.113097787092324,7.0,-0.22256580502858458,-0.06676974150857537,326.5417223175944,0.32654172231759443,0.2597719808090191,30.0,5.0,27.91536907532698,0.2597719808090191,0.2597719808090191,25.977198080901907,-7.034373084024992e-13
PI_ANTI_WINDUP,True,2220.0,6.786707740399287,8.123072097736692,7.0,-0.2132922596007134,-0.06398767788021402,324.31606426730855,0.3243160642673086,0.26032838638709455,30.0,5.0,27.930015068351775,0.26032838638709455,0.26032838638709455,26.032838638709453,1.9895196601282805e-13
PI_ANTI_WINDUP,True,2230.0,6.795785139584178,8.13297633185941,7.0,-0.2042148604158216,-0.06126445812474648,322.1831416713014,0.3221831416713014,0.26091868354655495,30.0,5.0,27.947295918552346,0.26091868354655495,0.26091868354655495,26.091868354655496,-4.760636329592671e-13
PI_ANTI_WINDUP,True,2240.0,6.804662783430575,8.142797882488347,7.0,-0.19533721656942493,-0.05860116497082748,320.1409930671432,0.3201409930671432,0.26153982809631576,30.0,5.0,27.967023570307433,0.26153982809631576,0.26153982809631576,26.153982809631575,1.7905676941154525e-12
PI_ANTI_WINDUP,True,2250.0,6.813337619606058,8.152525042439029,7.0,-0.18666238039394223,-0.05599871411818267,318.18762090144895,0.318187620901449,0.2621889067832663,30.0,5.0,27.989017137209096,0.2621889067832663,0.2621889067832663,26.218890678326627,-3.339550858072471e-13
PI_ANTI_WINDUP,True,2260.0,6.821807124194012,8.162146970012191,7.0,-0.17819287580598786,-0.053457862741796355,316.3209970975095,0.31632099709750955,0.2628631343557132,30.0,5.0,28.013102777599943,0.2628631343557132,0.2628631343557132,26.28631343557132,2.7000623958883807e-13
PI_ANTI_WINDUP,True,2270.0,6.830069274155871,8.171653655286832,7.0,-0.16993072584412872,-0.05097921775323861,314.5390683394496,0.3145390683394496,0.263559850586211,30.0,5.0,28.039113565637077,0.263559850586211,0.263559850586211,26.3559850586211,-2.3376856006507296e-12
PI_ANTI_WINDUP,True,2280.0,6.8381225206009235,8.181035887030195,7.0,-0.16187747939907648,-0.04856324381972294,312.8397610810083,0.3128397610810083,0.26427651726128537,30.0,5.0,28.066889358371764,0.26427651726128537,0.26427651726128537,26.427651726128538,-1.7337242752546445e-12
PI_ANTI_WINDUP,True,2290.0,6.845965762860461,8.190285220243727,7.0,-0.15403423713953934,-0.046210271141861804,311.2209862870175,0.31122098628701755,0.26501071514515573,30.0,5.0,28.096276659310256,0.26501071514515573,0.26501071514515573,26.501071514515573,-2.4158453015843406e-13
PI_ANTI_WINDUP,True,2300.0,6.8535983233618705,8.199393944361859,7.0,-0.14640167663812953,-0.043920502991438855,309.6806439156221,0.3096806439156221,0.26576014092418326,30.0,5.0,28.127128478899753,0.26576014092418326,0.26576014092418326,26.576014092418326,-1.8474111129762605e-12
PI_ANTI_WINDUP,True,2310.0,6.861019923297189,8.20835505211832,7.0,-0.13898007670281132,-0.04169402301084339,308.2166271492408,0.3082166271492408,0.2665226041383974,30.0,5.0,28.15930419236163,0.2665226041383974,0.2665226041383974,26.65226041383974,1.5276668818842154e-12
PI_ANTI_WINDUP,True,2320.0,6.86823065907959,8.217162209092665,7.0,-0.13176934092041037,-0.03953080227612311,306.8268263822127,0.3068268263822127,0.2672960241060896,30.0,5.0,28.192669395273274,0.2672960241060896,0.2672960241060896,26.729602410608962,-2.4513724383723456e-12
PI_ANTI_WINDUP,True,2330.0,6.875230979580376,8.225809723947817,7.0,-0.1247690204196239,-0.03743070612588717,305.5091329730086,0.30550913297300863,0.26807842684712146,30.0,5.0,28.227095757279518,0.26807842684712146,0.26807842684712146,26.807842684712146,1.3145040611561853e-12
PI_ANTI_WINDUP,True,2340.0,6.882021664138115,8.234292519367532,7.0,-0.11797833586188489,-0.03539350075856546,304.26144276881234,0.30426144276881234,0.2688679420102469,30.0,5.0,28.262460874294813,0.2688679420102469,0.2688679420102469,26.88679420102469,4.973799150320701e-14
PI_ANTI_WINDUP,True,2350.0,6.888603801330795,8.24260610370105,7.0,-0.1113961986692047,-0.03341885960076141,303.0816594101935,0.3030816594101935,0.2696627998094321,30.0,5.0,28.298648119538317,0.2696627998094321,0.2696627998094321,26.96627998094321,7.069900220812997e-13
PI_ANTI_WINDUP,True,2360.0,6.894978768501107,8.250746543320483,7.0,-0.10502123149889275,-0.03150636944966782,301.9676974235014,0.30196769742350144,0.2704613279738336,30.0,5.0,28.335546493724955,0.2704613279738336,0.2704613279738336,27.04613279738336,-2.7711166694643907e-13
PI_ANTI_WINDUP,True,2370.0,6.901148212024273,8.258710435695004,7.0,-0.09885178797572713,-0.02965553639271814,300.9174851085125,0.3009174851085125,0.2712619487157944,30.0,5.0,28.373050474718283,0.2712619487157944,0.2712619487157944,27.12619487157944,-1.1297629498585593e-12
PI_ANTI_WINDUP,True,2380.0,6.907114028307234,8.266494883184391,7.0,-0.09288597169276613,-0.027865791507829838,299.9289672287552,0.2999289672287552,0.27206317572092537,30.0,5.0,28.411059866932586,0.27206317572092537,0.27206317572092537,27.206317572092537,1.4885870314174099e-12
PI_ANTI_WINDUP,True,2390.0,6.912878345507425,8.274097467553135,7.0,-0.08712165449257459,-0.026136496347772376,299.00010751182754,0.29900010751182754,0.27286361116405516,30.0,5.0,28.449479650755332,0.27286361116405516,0.27286361116405516,27.286361116405516,5.577760475716786e-13
PI_ANTI_WINDUP,True,2400.0,6.91844350595886,8.281516225205024,7.0,-0.0815564940411404,-0.024466948212342122,298.1288909669018,0.2981288909669018,0.2736619427545597,30.0,5.0,28.48821983224484,0.2736619427545597,0.2736619427545597,27.366194275455967,9.201528428093297e-13
PI_ANTI_WINDUP,True,2410.0,6.923812049292778,8.288749623136868,7.0,-0.07618795070722229,-0.022856385212166683,297.3133260264904,0.2973133260264904,0.2744569408143237,30.0,5.0,28.527195293341478,0.2744569408143237,0.2744569408143237,27.44569408143237,1.0373923942097463e-12
PI_ANTI_WINDUP,True,2420.0,6.928986696239711,8.295796535608918,7.0,-0.07101330376028869,-0.02130399112808661,296.55144651941816,0.29655144651941817,0.27524745539133155,30.0,5.0,28.566325642816423,0.27524745539133155,0.27524745539133155,27.524745539133157,8.704148513061227e-13
PI_ANTI_WINDUP,True,2430.0,6.93397033309944,8.302656221528457,7.0,-0.06602966690056,-0.019808900070168,295.8413134818153,0.2958413134818153,0.2760324134116473,30.0,5.0,28.605535068166446,0.2760324134116473,0.2760324134116473,27.60324134116473,-1.0658141036401503e-13
PI_ANTI_WINDUP,True,2440.0,6.938765996864999,8.309328302542015,7.0,-0.06123400313500138,-0.018370200940500413,295.1810168128097,0.29518101681280967,0.27681081587230927,30.0,5.0,28.644752188649647,0.27681081587230927,0.27681081587230927,27.681081587230928,2.156497203031904e-12
PI_ANTI_WINDUP,True,2450.0,6.9433768609866195,8.315812741830772,7.0,-0.05662313901338045,-0.016986941704014134,294.56867678145966,0.29456867678145965,0.2775817350774455,30.0,5.0,28.683909909642786,0.2775817350774455,0.2775817350774455,27.758173507744548,-1.1475265182525618e-12
PI_ANTI_WINDUP,True,2460.0,6.947806221761252,8.322109823602815,7.0,-0.052193778238748045,-0.015658133471624414,294.00244539132586,0.29400244539132586,0.27834431191970144,30.0,5.0,28.722945278488677,0.27834431191970144,0.27834431191970144,27.834431191970143,-2.177813485104707e-12
PI_ANTI_WINDUP,True,2470.0,6.952057485333111,8.328220133275119,7.0,-0.04794251466688859,-0.014382754400066576,293.4805076089384,0.2934805076089384,0.2790977532088718,30.0,5.0,28.761799341987956,0.2790977532088718,0.2790977532088718,27.90977532088718,1.829647544582258e-12
PI_ANTI_WINDUP,True,2480.0,6.956134155290531,8.334144538337377,7.0,-0.04386584470946886,-0.013159753412840657,293.00108246226955,0.2930010824622696,0.27984132904942893,30.0,5.0,28.80041700567907,0.27984132904942893,0.27984132904942893,27.984132904942893,-2.1955770534987096e-12
PI_ANTI_WINDUP,True,2490.0,6.960039820844293,8.339884169889151,7.0,-0.03996017915570693,-0.01198805374671208,292.5624240151749,0.2925624240151749,0.2805743702684628,30.0,5.0,28.838746895037534,0.2805743702684628,0.2805743702684628,28.057437026846284,2.5579538487363607e-13
PI_ANTI_WINDUP,True,2500.0,6.963778145572481,8.345440404841124,7.0,-0.03622185442751924,-0.010866556328255771,292.1628222236178,0.29216282222361784,0.28129626589536205,30.0,5.0,28.876741218714645,0.28129626589536205,0.28129626589536205,28.129626589536205,-1.5631940186722204e-12
PI_ANTI_WINDUP,True,2510.0,6.967352856716875,8.35081484877072,7.0,-0.03264714328312479,-0.009794142984937438,291.8006036793426,0.29180060367934263,0.2820064606944052,30.0,5.0,28.91435563392534,0.2820064606944052,0.2820064606944052,28.20064606944052,1.4921397450962104e-13
PI_ANTI_WINDUP,True,2520.0,6.970767735015846,8.356009319421794,7.0,-0.0292322649841541,-0.00876967949524623,291.4741322465114,0.29147413224651136,0.28270445275126516,30.0,5.0,28.951549114084315,0.28270445275126516,0.28270445275126516,28.270445275126516,5.329070518200751e-13
PI_ANTI_WINDUP,True,2530.0,6.9740266050587065,8.361025830837658,7.0,-0.02597339494129347,-0.0077920184823880405,291.18180959666984,0.29118180959666984,0.2833897911142818,30.0,5.0,28.988283818780083,0.2833897911142818,0.2833897911142818,28.33897911142818,-8.100187187665142e-13
PI_ANTI_WINDUP,True,2540.0,6.9771333261465145,8.365866578116222,7.0,-0.02286667385348551,-0.0068600021560456526,290.9220756472569,0.2909220756472569,0.28406207349121126,30.0,5.0,29.024524966166886,0.28406207349121126,0.28406207349121126,28.406207349121125,-5.968558980384842e-13
PI_ANTI_WINDUP,True,2550.0,6.980091783644341,8.37053392277571,7.0,-0.01990821635565876,-0.005972464906697628,290.69340890872206,0.2906934089087221,0.28472094400202447,30.0,5.0,29.060240707845608,0.28472094400202447,0.28472094400202447,28.472094400202447,-8.455458555545192e-13
PI_ANTI_WINDUP,True,2560.0,6.982905880810098,8.375030378719032,7.0,-0.01709411918990167,-0.0051282357569705,290.4943267451655,0.2904943267451655,0.285366090988195,30.0,5.0,29.09540200629671,0.285366090988195,0.285366090988195,28.536609098819497,-6.057376822354854e-13
PI_ANTI_WINDUP,True,2570.0,6.985579531085109,8.379358598784599,7.0,-0.014420468914891238,-0.004326140674467371,290.32338555326646,0.2903233855532665,0.28599724487879913,30.0,5.0,29.129982514919337,0.28599724487879913,0.28599724487879913,28.599724487879914,1.312727704316785e-12
PI_ANTI_WINDUP,True,2580.0,6.988116650831709,8.383521361871109,7.0,-0.011883349168290813,-0.0035650047504872436,290.17918086411754,0.29017918086411754,0.28661417611363027,30.0,5.0,29.163958460723457,0.28661417611363027,0.28661417611363027,28.661417611363028,8.15347789284715e-13
PI_ANTI_WINDUP,True,2590.0,6.99052115250329,8.387521560623629,7.0,-0.009478847496709797,-0.002843654249012939,290.06034737243465,0.29006034737243463,0.2872166931234217,30.0,5.0,29.197308529715077,0.2872166931234217,0.2872166931234217,28.72166931234217,9.396927680427325e-13
PI_ANTI_WINDUP,True,2600.0,6.992796938232347,8.391362189668055,7.0,-0.007203061767652841,-0.0021609185302958523,289.96555889746753,0.28996555889746756,0.2878046403671717,30.0,5.0,29.230013755006283,0.2878046403671717,0.2878046403671717,28.78046403671717,4.884981308350689e-13
PI_ANTI_WINDUP,True,2610.0,6.994947893822247,8.395046334380943,7.0,-0.005052106177752869,-0.0015156318533258606,289.893528279791,0.289893528279791,0.2883778964264651,30.0,5.0,29.262057407676746,0.2883778964264651,0.2883778964264651,28.83778964264651,-2.220446049250313e-13
PI_ANTI_WINDUP,True,2620.0,6.996977883128612,8.398577160181533,7.0,-0.003022116871387759,-0.0009066350614163276,289.84300721801344,0.2898430072180134,0.2889363721565971,30.0,5.0,29.293424890406047,0.2889363721565971,0.2889363721565971,28.893637215659712,1.616484723854228e-12
PI_ANTI_WINDUP,True,2630.0,6.998890742816394,8.4019579023327,7.0,-0.001109257183606438,-0.0003327771550819314,289.8127860492996,0.2898127860492996,0.28948000889421766,30.0,5.0,29.32410363389081,0.28948000889421766,0.28948000889421766,28.948000889421767,-6.217248937900877e-13
PI_ANTI_WINDUP,True,2640.0,7.000690277478925,8.40519185623753,7.0,0.0006902774789248056,0.0002070832436774417,289.8016934774635,0.28980169347746354,0.290008776721141,30.0,5.0,29.354082996054828,0.290008776721141,0.290008776721141,29.0008776721141,0.0
PI_ANTI_WINDUP,True,2650.0,7.002380255105435,8.408282368218128,7.0,0.0023802551054350474,0.0007140765316305141,289.80859625225276,0.28980859625225275,0.2905226727838833,30.0,5.0,29.383354164055277,0.2905226727838833,0.2905226727838833,29.052267278388328,-1.4743761767022079e-12
PI_ANTI_WINDUP,True,2660.0,7.003964402883746,8.411232826763317,7.0,0.003964402883745777,0.001189320865123733,289.8323988033071,0.28983239880330713,0.2910217196684309,30.0,5.0,29.411910059083045,0.2910217196684309,0.2910217196684309,29.102171966843088,-1.021405182655144e-12
PI_ANTI_WINDUP,True,2670.0,7.005446403325085,8.41404665423182,7.0,0.005446403325085392,0.0016339209975256175,289.8720428321446,0.28987204283214457,0.2915059638296702,30.0,5.0,29.439745243950746,0.2915059638296702,0.2915059638296702,29.15059638296702,5.595524044110789e-13
PI_ANTI_WINDUP,True,2680.0,7.006829890698214,8.416727298997605,7.0,0.006829890698213603,0.0020489672094640807,289.9265068653954,0.28992650686539545,0.2919754740748595,30.0,5.0,29.46685583345728,0.2919754740748595,0.2919754740748595,29.197547407485953,-2.575717417130363e-13
PI_ANTI_WINDUP,True,2690.0,7.008118447760277,8.419278228024126,7.0,0.00811844776027737,0.002435534328083211,289.99480577237756,0.2899948057723776,0.29243034010046076,30.0,5.0,29.493239407514437,0.29243034010046076,0.29243034010046076,29.243034010046077,1.4299672557172016e-12
PI_ANTI_WINDUP,True,2700.0,7.009315602772087,8.4217029198542,7.0,0.009315602772087317,0.002794680831626195,290.07599024998035,0.2900759902499804,0.2928706710816066,30.0,5.0,29.51889492701615,0.2928706710816066,0.2928706710816066,29.28706710816066,-2.496669537777052e-12
PI_ANTI_WINDUP,True,2710.0,7.01042482678575,8.424004858002448,7.0,0.01042482678574963,0.003127448035724889,290.1691462777012,0.2901691462777012,0.2932965943134261,30.0,5.0,29.54382265242899,0.2932965943134261,0.2932965943134261,29.32965943134261,-6.759037773917953e-13
PI_ANTI_WINDUP,True,2720.0,7.011449531192861,8.426187524737237,7.0,0.011449531192861073,0.0034348593578583217,290.2733945455587,0.29027339454555867,0.293708253903417,30.0,5.0,29.568024065077463,0.293708253903417,0.293708253903417,29.370825390341697,-9.245937349078304e-13
PI_ANTI_WINDUP,True,2730.0,7.01239306552174,8.428254395239259,7.0,0.012393065521740354,0.003717919656522106,290.3878898574873,0.2903878898574873,0.29410580951400944,30.0,5.0,29.59150179109614,0.29410580951400944,0.29410580951400944,29.410580951400945,1.7763568394002505e-14
PI_ANTI_WINDUP,True,2740.0,7.013258715472435,8.430208932123966,7.0,0.013258715472434623,0.003977614641730387,290.51182051270473,0.29051182051270474,0.29448943515443515,30.0,5.0,29.614259528017,0.29448943515443515,0.29448943515443515,29.448943515443517,-2.0516921495072893e-12
PI_ANTI_WINDUP,True,2750.0,7.014049701178528,8.432054580315272,7.0,0.014049701178527663,0.004214910353558299,290.64440766742905,0.29064440766742905,0.29485931802098736,30.0,5.0,29.63630197395796,0.29485931802098736,0.29485931802098736,29.485931802098737,-2.4868995751603507e-13
PI_ANTI_WINDUP,True,2760.0,7.014769175685031,8.433794762258056,7.0,0.014769175685031222,0.004430752705509367,290.7849046792143,0.2907849046792143,0.29521565738472366,30.0,5.0,29.657634759376226,0.29521565738472366,0.29521565738472366,29.521565738472365,-1.1191048088221578e-12
PI_ANTI_WINDUP,True,2770.0,7.015420223631939,8.435432873457213,7.0,0.0154202236319394,0.00462606708958182,290.9325964360646,0.2909325964360646,0.2955586635256464,30.0,5.0,29.678264381348214,0.2955586635256464,0.2955586635256464,29.555866352564642,-1.4743761767022079e-12
PI_ANTI_WINDUP,True,2780.0,7.016005860133296,8.436972278331146,7.0,0.016005860133295968,0.004801758039988791,291.086798672384,0.291086798672384,0.2958885567123728,30.0,5.0,29.698198140335055,0.2958885567123728,0.2958885567123728,29.58885567123728,1.163513729807164e-12
PI_ANTI_WINDUP,True,2790.0,7.016529029841898,8.43841630636782,7.0,0.01652902984189808,0.0049587089525694236,291.24685727371696,0.29124685727371696,0.2962055662262864,30.0,5.0,29.71744407939177,0.2962055662262864,0.2962055662262864,29.62055662262864,9.947598300641403e-13
PI_ANTI_WINDUP,True,2800.0,7.016992606190047,8.439768248571687,7.0,0.016992606190046722,0.005097781857014016,291.41214757213595,0.29141214757213596,0.29650992942915,30.0,5.0,29.736010925776274,0.29650992942915,0.29650992942915,29.650992942915,-1.7679191444130993e-12
PI_ANTI_WINDUP,True,2810.0,7.0173993907970384,8.441031354189983,7.0,0.01739939079703845,0.005219817239111535,291.5820736340364,0.29158207363403643,0.29680189087314796,30.0,5.0,29.753908034912534,0.29680189087314796,0.29680189087314796,29.680189087314794,1.6071588504473766e-12
PI_ANTI_WINDUP,True,2820.0,7.017752113034348,8.442208827707148,7.0,0.01775211303434787,0.005325633910304361,291.7560675420068,0.29175606754200684,0.2970817014523112,30.0,5.0,29.771145336661522,0.2970817014523112,0.2970817014523112,29.708170145231122,-1.7763568394002505e-14
PI_ANTI_WINDUP,True,2830.0,7.018053429739757,8.443303826096328,7.0,0.018053429739756766,0.005416028921927029,291.9335886723503,0.2919335886723503,0.29734961759427736,30.0,5.0,29.78773328385233,0.29734961759427736,0.29734961759427736,29.734961759427737,9.237055564881302e-13
PI_ANTI_WINDUP,True,2840.0,7.018305925071932,8.44431945631713,7.0,0.01830592507193174,0.0054917775215795215,292.1141229697479,0.29211412296974787,0.2976059004913274,30.0,5.0,29.803682803024643,0.2976059004913274,0.2976059004913274,29.76059004913274,1.2434497875801753e-13
PI_ANTI_WINDUP,True,2850.0,7.018512110497252,8.44525877304907,7.0,0.018512110497251655,0.005553633149175496,292.2971822204672,0.29229718222046724,0.29785081536964275,30.0,5.0,29.819005247332985,0.29785081536964275,0.29785081536964275,29.785081536964274,-1.1546319456101628e-12
PI_ANTI_WINDUP,True,2860.0,7.018674424900929,8.446124776650347,7.0,0.01867442490092941,0.005602327470278823,292.4823033254397,0.29248230332543973,0.29808463079571856,30.0,5.0,29.833712351562824,0.29808463079571856,0.29808463079571856,29.808463079571858,-2.4868995751603507e-13
PI_ANTI_WINDUP,True,2870.0,7.018795234814762,8.446920411331865,7.0,0.018795234814762196,0.005638570444428659,292.669047574449,0.292669047574449,0.2983076180188777,30.0,5.0,29.847816189207446,0.2983076180188777,0.2983076180188777,29.830761801887768,1.9537704787353505e-12
PI_ANTI_WINDUP,True,2880.0,7.01887683475409,8.447648563536614,7.0,0.01887683475409041,0.005663050426227123,292.85699992259663,0.2928569999225966,0.29852005034882373,30.0,5.0,29.861329131554736,0.29852005034882373,0.29852005034882373,29.852005034882374,-1.2259082637910979e-12
PI_ANTI_WINDUP,True,2890.0,7.018921447656829,8.448312060514821,7.0,0.018921447656828683,0.005676434297048605,293.04576827013756,0.29304576827013756,0.2987222025671862,30.0,5.0,29.874263808732042,0.2987222025671862,0.2987222025671862,29.872220256718617,6.217248937900877e-14
PI_ANTI_WINDUP,True,2900.0,7.018931225417658,8.448913669085481,7.0,0.018931225417658126,0.005679367625297437,293.23498274670584,0.29323498274670584,0.29891435037200326,30.0,5.0,29.886633072657503,0.29891435037200326,0.29891435037200326,29.891435037200324,-5.595524044110789e-13
PI_ANTI_WINDUP,True,2910.0,7.018908249510755,8.449456094575158,7.0,0.01890824951075487,0.005672474853226461,293.4242950008824,0.2934242950008824,0.2990967698541089,30.0,5.0,29.898449961846023,0.2990967698541089,0.2990967698541089,29.909676985410886,-3.730349362740526e-13
PI_ANTI_WINDUP,True,2920.0,7.018854531694655,8.449941979925176,7.0,0.018854531694654675,0.005656359508396402,293.61337749598994,0.2936133774959899,0.2992697370043863,30.0,5.0,29.909727668017904,0.2992697370043863,0.2992697370043863,29.92697370043863,-1.9274581930517343e-12
PI_ANTI_WINDUP,True,2930.0,7.01877201479312,8.450373904958584,7.0,0.01877201479311985,0.005631604437935955,293.8019228129365,0.2938019228129365,0.29943352725087247,30.0,5.0,29.92047950445819,0.29943352725087247,0.29943352725087247,29.943352725087248,-7.371880883511039e-13
PI_ANTI_WINDUP,True,2940.0,7.018662573546091,8.450754385798497,7.0,0.018662573546090577,0.005598772063827173,293.9896429608677,0.2939896429608677,0.2995884150246949,30.0,5.0,29.930718876075293,0.2995884150246949,0.2995884150246949,29.95884150246949,4.884981308350689e-13
PI_ANTI_WINDUP,True,2950.0,7.0185280155250656,8.451085874429715,7.0,0.018528015525065555,0.005558404657519667,294.1762686963286,0.29417626869632857,0.29973467335384824,30.0,5.0,29.94045925110718,0.29973467335384824,0.29973467335384824,29.973467335384825,-1.2879142197164128e-12
PI_ANTI_WINDUP,True,2960.0,7.018370082107469,8.45137075839571,7.0,0.018370082107469266,0.0055110246322407795,294.36154885157924,0.2943615488515792,0.29987257348382,30.0,5.0,29.949714134424223,0.29987257348382,0.29987257348382,29.987257348382002,2.042810365310288e-13
PI_ANTI_WINDUP,True,2970.0,7.0181904495048,8.451611360623344,7.0,0.0181904495048002,0.00545713485144006,294.54524967265394,0.29454524967265394,0.300002384524094,30.0,5.0,29.95849704237757,0.300002384524094,0.300002384524094,30.0002384524094,-1.8740564655672642e-12
PI_ANTI_WINDUP,True,2980.0,7.0179907298395765,8.45180993936795,7.0,0.017990729839576503,0.005397218951872951,294.72715416770194,0.29472715416770195,0.3001243731195749,30.0,5.0,29.966821479142993,0.3001243731195749,0.3001243731195749,30.01243731195749,1.4743761767022079e-12
PI_ANTI_WINDUP,True,2990.0,7.0177724722663015,8.451968688271572,7.0,0.01777247226630152,0.005331741679890456,294.90706146609773,0.29490706146609774,0.3002388031459882,30.0,5.0,29.97470091451015,0.3002388031459882,0.3002388031459882,30.023880314598824,1.3322815073379957e-12
PI_ANTI_WINDUP,True,3000.0,7.017537164131906,8.452089736527505,7.0,0.017537164131906202,0.00526114923957186,295.08478618876075,0.2950847861887608,0.30034593542833266,30.0,5.0,29.982148763068007,0.30034593542833266,0.30034593542833266,30.034593542833264,1.1990686221707847e-12
PI_ANTI_WINDUP,True,3010.0,7.0172862321713065,8.452175149144404,7.0,0.017286232171306537,0.005185869651391961,295.26015783007983,0.29526015783007986,0.3004460274814718,30.0,5.0,29.989178364737732,0.3004460274814718,0.3004460274814718,30.04460274814718,-1.3233858453531866e-12
PI_ANTI_WINDUP,True,3020.0,7.017021043733941,8.452226927303554,7.0,0.017021043733940644,0.005106313120182193,295.4330201517929,0.2954330201517929,0.3005393332719751,30.0,5.0,29.995802966604927,0.3005393332719751,0.3005393332719751,30.05393332719751,1.5810130982174542e-12
PI_ANTI_WINDUP,True,3030.0,7.016742908037325,8.452247008803052,7.0,0.016742908037325144,0.005022872411197543,295.6032305891323,0.2956032305891323,0.3006261030003298,30.0,5.0,30.002035706003696,0.3006261030003298,0.3006261030003298,30.062610300032983,-5.950795411990839e-13
PI_ANTI_WINDUP,True,3040.0,7.016453077443884,8.45223726858294,7.0,0.01645307744388358,0.004935923233165073,295.77065966950556,0.29577065966950555,0.3007065829026706,30.0,5.0,30.00788959480626,0.3007065829026706,0.3007065829026706,30.070658290267062,5.151434834260726e-13
PI_ANTI_WINDUP,True,3050.0,7.016152748757468,8.452199519325493,7.0,0.016152748757468416,0.004845824627240525,295.9351904439444,0.2959351904439444,0.30078101507118493,30.0,5.0,30.013377504871713,0.30078101507118493,0.30078101507118493,30.078101507118493,4.707345624410664e-13
PI_ANTI_WINDUP,True,3060.0,7.015843064536192,8.45213551212515,7.0,0.015843064536191775,0.004752919360857533,296.0967179315191,0.2960967179315191,0.3008496372923766,30.0,5.0,30.018512154609216,0.3008496372923766,0.3008496372923766,30.084963729237664,-1.1546319456101628e-12
PI_ANTI_WINDUP,True,3070.0,7.015525114418352,8.452046937222713,7.0,0.01552511441835236,0.004657534325505708,296.255148576881,0.296255148576881,0.3009126829023867,30.0,5.0,30.023306096611133,0.3009126829023867,0.3009126829023867,30.09126829023867,-3.0186964039558006e-13
PI_ANTI_WINDUP,True,3080.0,7.015199936458412,8.451935424798735,7.0,0.015199936458412111,0.004559980937523633,296.41039972106455,0.29641039972106453,0.30097038065858817,30.0,5.0,30.027771706312755,0.30097038065858817,0.30097038065858817,30.09703806585882,-1.2788659020657178e-12
PI_ANTI_WINDUP,True,3090.0,7.014868518470154,8.451802545821163,7.0,0.014868518470153802,0.004460555541046141,296.5623990856487,0.2965623990856487,0.3010229546266948,30.0,5.0,30.031921171636093,0.3010229546266948,0.3010229546266948,30.10229546266948,2.202793503158773e-12
PI_ANTI_WINDUP,True,3100.0,7.0145317993743,8.451649812942522,7.0,0.014531799374299936,0.004359539812289981,296.7110842703502,0.29671108427035026,0.30107062408264024,30.0,5.0,30.035766483575838,0.30107062408264024,0.30107062408264024,30.107062408264024,0.0
PI_ANTI_WINDUP,True,3110.0,7.01419067054804,8.45147868144216,7.0,0.014190670548040352,0.004257201164412105,296.8564022640932,0.2968564022640932,0.3011136034285053,30.0,5.0,30.039319427687087,0.3011136034285053,0.3011136034285053,30.111360342850528,4.440892098500626e-14
PI_ANTI_WINDUP,True,3120.0,7.013845977174053,8.451290550209206,7.0,0.01384597717405267,0.004153793152215801,296.9983089695736,0.29699830896957363,0.30115210212178944,30.0,5.0,30.04259157643471,0.30115210212178944,0.30115210212178944,30.115210212178944,-7.993605777301127e-13
PI_ANTI_WINDUP,True,3130.0,7.01349851958676,8.45108676276215,7.0,0.013498519586759627,0.004049555876027888,297.13676874131414,0.2971367687413142,0.30118632461734207,30.0,5.0,30.045594282365666,0.30118632461734207,0.30118632461734207,30.118632461734208,2.6645352591003757e-14
PI_ANTI_WINDUP,True,3140.0,7.013149054613704,8.450868608301072,7.0,0.013149054613704081,0.003944716384111224,297.27175393718176,0.29727175393718175,0.30121647032129295,30.0,5.0,30.048338672065977,0.30121647032129295,0.30121647032129295,30.121647032129296,1.1546319456101628e-12
PI_ANTI_WINDUP,True,3150.0,7.012798296910052,8.450637322788793,7.0,0.012798296910052187,0.0038394890730156558,297.4032444833188,0.29740324448331884,0.3012427335563345,30.0,5.0,30.05083564086569,0.3012427335563345,0.3012427335563345,30.124273355633452,-7.993605777301127e-13
PI_ANTI_WINDUP,True,3160.0,7.012446920284369,8.45039409005738,7.0,0.012446920284369334,0.0037340760853108,297.53122745241933,0.29753122745241933,0.3012653035377301,30.0,5.0,30.05309584825591,0.3012653035377301,0.3012653035377301,30.126530353773013,2.282618538629322e-12
PI_ANTI_WINDUP,True,3170.0,7.012095559013953,8.450140042936537,7.0,0.012095559013952872,0.0036286677041858614,297.655696655263,0.297655696655263,0.30128436435944883,30.0,5.0,30.05512971398201,0.30128436435944883,0.30128436435944883,30.128436435944884,-7.105427357601002e-13
PI_ANTI_WINDUP,True,3180.0,7.011744809148102,8.449876264400737,7.0,0.01174480914810161,0.0035234427444304824,297.77665224540254,0.29777665224540256,0.30130009498983307,30.0,5.0,30.056947414780087,0.30130009498983307,0.30130009498983307,30.130009498983306,-1.7319479184152442e-12
PI_ANTI_WINDUP,True,3190.0,7.011395229797847,8.449603788731933,7.0,0.011395229797846795,0.0034185689393540384,297.8941003368836,0.29789410033688357,0.3013126692762376,30.0,5.0,30.058558881722398,0.3013126692762376,0.3013126692762376,30.131266927623763,-1.1546319456101628e-12
PI_ANTI_WINDUP,True,3200.0,7.011047344410759,8.449323602694983,7.0,0.011047344410759052,0.003314203323227716,298.00805263486205,0.2980080526348621,0.3013222559580898,30.0,5.0,30.059973798140287,0.3013222559580898,0.3013222559580898,30.132225595808983,-1.2434497875801753e-13
PI_ANTI_WINDUP,True,3210.0,7.010701642029569,8.44903664672302,7.0,0.010701642029569136,0.003210492608870741,298.11852607896964,0.29811852607896966,0.3013290186878404,30.0,5.0,30.061201598093113,0.3013290186878404,0.3013290186878404,30.13290186878404,-1.4832579608992091e-12
PI_ANTI_WINDUP,True,3220.0,7.01035857853344,8.448743816110134,7.0,0.01035857853343991,0.0031075735600319732,298.2255424992653,0.2982255424992653,0.3013331160592973,30.0,5.0,30.062251465352915,0.3013331160592973,0.3013331160592973,30.13331160592973,4.5297099404706387e-13
PI_ANTI_WINDUP,True,3230.0,7.010018577860824,8.448445962208924,7.0,0.010018577860823719,0.0030055733582471157,298.32912828459973,0.29832912828459973,0.30133470164284687,30.0,5.0,30.063132332875288,0.30133470164284687,0.30133470164284687,30.133470164284688,-1.199040866595169e-12
PI_ANTI_WINDUP,True,3240.0,7.009682033212932,8.448143893630572,7.0,0.009682033212931707,0.002904609963879512,298.429314063208,0.298429314063208,0.30133392402708753,30.0,5.0,30.063852882728682,0.30133392402708753,0.30133392402708753,30.133392402708754,-1.9895196601282805e-12
PI_ANTI_WINDUP,True,3250.0,7.009349308236951,8.447838377445267,7.0,0.009349308236950904,0.002804792471085271,298.5261343953373,0.2985261343953373,0.3013309268664226,30.0,5.0,30.064421546453804,0.3013309268664226,0.3013309268664226,30.13309268664226,-1.3322676295501878e-13
PI_ANTI_WINDUP,True,3260.0,7.009020738188203,8.447530140380895,7.0,0.009020738188202593,0.0027062214564607776,298.6196274777068,0.2986196274777068,0.3013258489341676,30.0,5.0,30.064846505827266,0.3013258489341676,0.3013258489341676,30.13258489341676,9.325873406851315e-13
PI_ANTI_WINDUP,True,3270.0,7.008696631070549,8.447219870018085,7.0,0.008696631070549188,0.002608989321164756,298.7098348595888,0.2987098348595888,0.30131882418075356,30.0,5.0,30.06513569400349,0.30131882418075356,0.30131882418075356,30.131882418075357,-1.2878587085651816e-12
PI_ANTI_WINDUP,True,3280.0,7.0083772687544155,8.446908215979791,7.0,0.008377268754415468,0.0025131806263246404,298.7968011702943,0.29879680117029433,0.301309981796619,30.0,5.0,30.065296797010348,0.301309981796619,0.301309981796619,30.1309981796619,2.6645352591003757e-13
PI_ANTI_WINDUP,True,3290.0,7.008062908071872,8.446595791113714,7.0,0.00806290807187171,0.002418872421561513,298.8805738578385,0.2988805738578385,0.30129944627940003,30.0,5.0,30.06533725557449,0.30129944627940003,0.30129944627940003,30.129944627940002,5.417888360170764e-13
PI_ANTI_WINDUP,True,3300.0,7.0077537818883044,8.44628317266599,7.0,0.007753781888304445,0.0023261345664913335,298.9612029385572,0.2989612029385572,0.30128733750504855,30.0,5.0,30.06526426725361,0.30128733750504855,0.30128733750504855,30.128733750504853,7.904787935331115e-13
PI_ANTI_WINDUP,True,3310.0,7.00745010015026,8.44597090344468,7.0,0.007450100150260042,0.0022350300450780123,299.0387407574403,0.2990387407574403,0.3012737708025183,30.0,5.0,30.065084788853373,0.3012737708025183,0.3012737708025183,30.127377080251833,-7.815970093361102e-13
PI_ANTI_WINDUP,True,3320.0,7.007152050909119,8.445659492971698,7.0,0.00715205090911919,0.0021456152727357567,299.1132417589429,0.2991132417589429,0.30125885703167865,30.0,5.0,30.064805539107898,0.30125885703167865,0.30125885703167865,30.125885703167864,2.0339285811132868e-12
PI_ANTI_WINDUP,True,3330.0,7.006859801320315,8.4453494186219,7.0,0.006859801320315384,0.0020579403960946153,299.1847622680341,0.2991847622680341,0.3012427026641287,30.0,5.0,30.064433001603117,0.3012427026641287,0.3012427026641287,30.12427026641287,5.950795411990839e-13
PI_ANTI_WINDUP,True,3340.0,7.006573498617876,8.445041126748201,7.0,0.006573498617876261,0.0019720495853628784,299.25336028123724,0.2992533602812372,0.3012254098666001,30.0,5.0,30.063973427923788,0.3012254098666001,0.3012254098666001,30.122540986660013,1.1546319456101628e-13
PI_ANTI_WINDUP,True,3350.0,7.006293271064115,8.444735033791629,7.0,0.006293271064114592,0.0018879813192343774,299.319095267416,0.299319095267416,0.3012070765866504,30.0,5.0,30.063432841005042,0.3012070765866504,0.3012070765866504,30.12070765866504,2.0161650127192843e-12
PI_ANTI_WINDUP,True,3360.0,7.0060192288743535,8.444431527375336,7.0,0.006019228874353466,0.0018057686623060398,299.3820279780571,0.29938202797805713,0.30118779664036316,30.0,5.0,30.062817038670534,0.30118779664036316,0.30118779664036316,30.118779664036317,-1.9273471707492718e-12
PI_ANTI_WINDUP,True,3370.0,7.005751465116623,8.444130967381698,7.0,0.005751465116622612,0.0017254395349867834,299.44222026680063,0.2994422202668006,0.3011676598017874,30.0,5.0,30.06213159734007,0.3011676598017874,0.3011676598017874,30.11676598017874,1.6076029396572267e-12
PI_ANTI_WINDUP,True,3380.0,7.005490056586294,8.443833687011649,7.0,0.005490056586293868,0.0016470169758881603,299.49973491796686,0.2994997349179669,0.30114675189385504,30.0,5.0,30.06138187588992,0.30114675189385504,0.30114675189385504,30.114675189385505,-1.5010215292932116e-12
PI_ANTI_WINDUP,True,3390.0,7.005235064655693,8.443539993825572,7.0,0.005235064655693122,0.0015705193967079367,299.5546354838298,0.2995546354838298,0.30112515488053776,30.0,5.0,30.060573019650477,0.30112515488053776,0.30112515488053776,30.112515488053777,-6.838973831690964e-13
PI_ANTI_WINDUP,True,3400.0,7.004986536098739,8.443250170765044,7.0,0.004986536098739336,0.0014959608296218007,299.60698613038676,0.2996069861303868,0.30110294696000856,30.0,5.0,30.059709964525762,0.30110294696000856,0.30110294696000856,30.110294696000857,-4.263256414560601e-13
PI_ANTI_WINDUP,True,3410.0,7.004744503890724,8.442964477154872,7.0,0.004744503890724339,0.0014233511672173016,299.65685149137414,0.29965685149137417,0.3010802026585915,30.0,5.0,30.058797441220683,0.3010802026585915,0.3010802026585915,30.108020265859146,-1.9095836023552692e-12
PI_ANTI_WINDUP,True,3420.0,7.004508987983363,8.442683149684916,7.0,0.0045089879833630775,0.0013526963950089232,299.7042965302814,0.2997042965302814,0.3010569929252903,30.0,5.0,30.05783997956245,0.3010569929252903,0.3010569929252903,30.10569929252903,-2.113864638886298e-12
PI_ANTI_WINDUP,True,3430.0,7.004279996055294,8.44240640337122,7.0,0.004279996055293722,0.0012839988165881165,299.74938641011505,0.29974938641011506,0.3010333852267032,30.0,5.0,30.05684191290284,0.3010333852267032,0.3010333852267032,30.10333852267032,-4.5297099404706387e-13
PI_ANTI_WINDUP,True,3440.0,7.004057524238225,8.442134432496086,7.0,0.004057524238224808,0.0012172572714674423,299.792186370668,0.299792186370668,0.30100944364213544,30.0,5.0,30.055807382589304,0.30100944364213544,0.30100944364213544,30.100944364213543,1.4832579608992091e-12
PI_ANTI_WINDUP,True,3450.0,7.00384155781897,8.44186741152676,7.0,0.0038415578189701094,0.0011524673456910328,299.83276161305025,0.2998327616130503,0.3009852289587413,30.0,5.0,30.0547403424928,0.3009852289587413,0.3009852289587413,30.09852289587413,2.3092638912203256e-13
PI_ANTI_WINDUP,True,3460.0,7.003632071917624,8.44160549601244,7.0,0.00363207191762438,0.001089621575287314,299.87117719123995,0.29987117719123996,0.30096079876652726,30.0,5.0,30.053644563581628,0.30096079876652726,0.30096079876652726,30.096079876652727,-9.591216709736727e-13
PI_ANTI_WINDUP,True,3470.0,7.003429032142164,8.441348823459418,7.0,0.003429032142164168,0.0010287096426492503,299.90749791041617,0.29990749791041615,0.3009362075530654,30.0,5.0,30.052523638530594,0.3009362075530654,0.3009362075530654,30.09362075530654,4.2643666375852263e-13
PI_ANTI_WINDUP,True,3480.0,7.003232395219791,8.441097514184152,7.0,0.0032323952197907957,0.0009697185659372386,299.9417882318378,0.2999417882318378,0.30091150679777506,30.0,5.0,30.051380986355152,0.30091150679777506,0.30091150679777506,30.091150679777506,3.553823901825126e-13
PI_ANTI_WINDUP,True,3490.0,7.00304210960533,8.440851672144175,7.0,0.0030421096053299124,0.0009126328815989736,299.9741121840357,0.2999741121840357,0.3008867450656347,30.0,5.0,30.050219857061865,0.3008867450656347,0.3008867450656347,30.088674506563468,8.004708007547379e-14
PI_ANTI_WINDUP,True,3500.0,7.002858116067045,8.44061138574675,7.0,0.0028581160670446693,0.0008574348201134007,300.004533280089,0.300004533280089,0.30086196810020244,30.0,5.0,30.049043336305854,0.30086196810020244,0.30086196810020244,30.086196810020244,9.32698362987594e-13
PI_ANTI_WINDUP,True,3510.0,7.002680348250229,8.44037672863524,7.0,0.0026803482502293363,0.0008041044750688009,300.03311444075945,0.3000331144407595,0.30083721891582826,30.0,5.0,30.047854350046716,0.30083721891582826,0.30083721891582826,30.083721891582826,7.639444632445702e-13
PI_ANTI_WINDUP,True,3520.0,7.002508733218956,8.440147760453199,7.0,0.002508733218956394,0.0007526199656869181,300.05991792326176,0.30005991792326175,0.3008125378889487,30.0,5.0,30.046655669195662,0.3008125378889487,0.3008125378889487,30.08125378889487,1.9096946246577318e-12
PI_ANTI_WINDUP,True,3530.0,7.002343191976377,8.439924527586234,7.0,0.0023431919763767795,0.0007029575929130338,300.08500525545134,0.30008500525545134,0.3007879628483644,30.0,5.0,30.04544991424601,0.3007879628483644,0.3007879628483644,30.07879628483644,6.483702463810914e-13
PI_ANTI_WINDUP,True,3540.0,7.002183639963983,8.439707063881707,7.0,0.002183639963982742,0.0006550919891948225,300.1084371752151,0.3001084371752151,0.30076352916440996,30.0,5.0,30.04423955988044,0.30076352916440996,0.30076352916440996,30.076352916440996,5.417888360170764e-13
PI_ANTI_WINDUP,True,3550.0,7.002029987540248,8.439495391346394,7.0,0.0020299875402480794,0.0006089962620744238,300.1302735748549,0.30013027357485494,0.3007392698369294,30.0,5.0,30.043026939548454,0.3007392698369294,0.3007392698369294,30.07392698369294,4.3520742565306136e-13
PI_ANTI_WINDUP,True,3560.0,7.001882140439078,8.43928952082224,7.0,0.0018821404390783059,0.0005646421317234918,300.1505734502574,0.3001505734502574,0.3007152155819809,30.0,5.0,30.04181425000806,0.3007152155819809,0.3007152155819809,30.07152155819809,1.5987211554602254e-13
PI_ANTI_WINDUP,True,3570.0,7.001740000208504,8.439089452640383,7.0,0.0017400002085041777,0.0005220000625512532,300.1693948546482,0.3001693948546482,0.3006913949171995,30.0,5.0,30.040603555826266,0.3006913949171995,0.3006913949171995,30.069139491719948,1.6342482922482304e-12
PI_ANTI_WINDUP,True,3580.0,7.001603464630065,8.438895177253654,7.0,0.0016034646300653321,0.00048103938901959963,300.18679485673323,0.3001867948567332,0.30066783424575283,30.0,5.0,30.039396793833003,0.30066783424575283,0.30066783424575283,30.066783424575284,-1.3233858453531866e-12
PI_ANTI_WINDUP,True,3590.0,7.001472428119337,8.438706675847754,7.0,0.0014724281193370103,0.00044172843580110306,300.20282950303385,0.30020282950303384,0.30064455793883493,30.0,5.0,30.038195777523924,0.30064455793883493,0.30064455793883493,30.064455793883493,6.039613253960852e-13
PI_ANTI_WINDUP,True,3600.0,7.0013467821080475,8.438523920931372,7.0,0.0013467821080475062,0.00040403463241425183,300.2175537842272,0.3002175537842272,0.30062158841664144,30.0,5.0,30.037002201407482,0.30062158841664144,0.30062158841664144,30.062158841664143,6.039613253960852e-13
